rooms,area_sqft,age,loc_Ahmedabad,loc_Bangalore,loc_Chennai,loc_Delhi,loc_Hyderabad,loc_Kolkata,loc_Mumbai,loc_Pune,amenity_garden,amenity_gym,amenity_lift,amenity_parking,amenity_pool,amenity_security,price
1.4818216415561896,1.6735017330472088,1.165076075245805,1.0,0.0,0.0,0.0,0.0,0.0,0.0,0.0,0.0,1.0,0.0,0.0,0.0,1.0,9253030.07
-1.487760806452206,-0.9038129011441317,-0.030141903398947317,0.0,0.0,0.0,0.0,0.0,0.0,1.0,0.0,1.0,0.0,1.0,0.0,1.0,0.0,5511072.58
1.4818216415561896,1.1597451789648692,1.4041196709747552,0.0,0.0,0.0,0.0,0.0,0.0,1.0,0.0,0.0,0.0,0.0,1.0,0.0,0.0,10819646.16
1.4818216415561896,0.14237807097057822,-1.2253598820436995,0.0,0.0,0.0,0.0,0.0,1.0,0.0,0.0,0.0,0.0,1.0,0.0,1.0,1.0,4468273.66
1.4818216415561896,-1.1187236320259721,1.4041196709747552,0.0,0.0,0.0,0.0,1.0,0.0,0.0,0.0,1.0,0.0,1.0,0.0,1.0,1.0,2712890.04
1.4818216415561896,1.2113975434686592,-0.8070335895180363,0.0,0.0,0.0,0.0,0.0,0.0,1.0,0.0,0.0,0.0,1.0,1.0,1.0,1.0,11721109.16
-0.893844316850527,-1.6513886409713059,1.165076075245805,0.0,1.0,0.0,0.0,0.0,0.0,0.0,0.0,0.0,0.0,0.0,0.0,0.0,1.0,1894064.69
0.2939886623528312,0.9183164930922442,-1.7034470735016003,0.0,0.0,0.0,0.0,0.0,0.0,1.0,0.0,0.0,0.0,0.0,0.0,0.0,0.0,9135657.7
1.4818216415561896,-1.4025810458838535,-0.030141903398947317,0.0,0.0,0.0,0.0,0.0,0.0,0.0,1.0,0.0,0.0,0.0,0.0,0.0,0.0,1812765.54
0.2939886623528312,0.46289943998963196,1.4041196709747552,0.0,0.0,0.0,0.0,0.0,1.0,0.0,0.0,0.0,0.0,0.0,0.0,0.0,0.0,4524590.66
1.4818216415561896,-0.6432451694955484,0.32842349019447836,0.0,0.0,0.0,1.0,0.0,0.0,0.0,0.0,0.0,0.0,0.0,1.0,0.0,0.0,5973990.35
0.8879051519545104,-2.0664522843053326,0.02961899553329029,0.0,0.0,1.0,0.0,0.0,0.0,0.0,0.0,0.0,0.0,0.0,0.0,0.0,0.0,758152.54
-0.2999278272488479,1.9195422371791007,-0.6277508927213235,0.0,0.0,0.0,0.0,0.0,1.0,0.0,0.0,0.0,0.0,0.0,1.0,1.0,0.0,6335110.43
-0.2999278272488479,-0.47860325763971806,0.32842349019447836,0.0,0.0,0.0,0.0,1.0,0.0,0.0,0.0,1.0,0.0,0.0,0.0,0.0,0.0,4041769.12
-0.893844316850527,0.8449885827698991,-1.7034470735016003,0.0,0.0,0.0,0.0,1.0,0.0,0.0,0.0,1.0,0.0,0.0,0.0,1.0,1.0,6716144.16
1.4818216415561896,-0.35915716472470366,1.1053151763135673,0.0,0.0,0.0,1.0,0.0,0.0,0.0,0.0,1.0,0.0,1.0,0.0,0.0,0.0,4711489.71
0.2939886623528312,0.7649735359716178,0.44794528805895356,0.0,0.0,0.0,0.0,0.0,0.0,0.0,1.0,0.0,0.0,0.0,0.0,0.0,1.0,6010460.26
-0.893844316850527,-0.3407098916876358,0.38818438912671593,1.0,0.0,0.0,0.0,0.0,0.0,0.0,0.0,0.0,1.0,1.0,0.0,1.0,1.0,4606201.45
-0.2999278272488479,-0.8844432644552105,-0.7472726905857986,0.0,0.0,0.0,1.0,0.0,0.0,0.0,0.0,0.0,0.0,0.0,0.0,0.0,0.0,4064871.48
-0.2999278272488479,-1.2337884975946827,-1.4046425788404124,0.0,1.0,0.0,0.0,0.0,0.0,0.0,0.0,1.0,1.0,0.0,0.0,1.0,1.0,4479925.04
0.2939886623528312,-1.834939007690131,1.3443587720425176,0.0,0.0,0.0,0.0,0.0,0.0,0.0,1.0,0.0,0.0,0.0,0.0,0.0,0.0,1376632.75
-0.893844316850527,-0.992820993547984,-0.6277508927213235,0.0,0.0,0.0,0.0,0.0,0.0,1.0,0.0,0.0,1.0,1.0,0.0,1.0,0.0,3691384.52
0.2939886623528312,-2.0664522843053326,1.3443587720425176,0.0,0.0,1.0,0.0,0.0,0.0,0.0,0.0,0.0,0.0,1.0,0.0,0.0,0.0,603649.04
1.4818216415561896,-0.39789643810254627,-0.7472726905857986,1.0,0.0,0.0,0.0,0.0,0.0,0.0,0.0,1.0,1.0,0.0,1.0,0.0,1.0,3856621.61
0.2939886623528312,1.2637416807113393,1.6431632667037057,0.0,1.0,0.0,0.0,0.0,0.0,0.0,0.0,0.0,0.0,0.0,0.0,0.0,0.0,7681567.99
-1.487760806452206,1.8275364629067252,-1.46440347777265,0.0,0.0,0.0,0.0,0.0,0.0,0.0,1.0,0.0,0.0,0.0,0.0,0.0,0.0,8508158.72
1.4818216415561896,0.02270138714260041,0.5077061869911912,0.0,0.0,0.0,0.0,1.0,0.0,0.0,0.0,1.0,0.0,1.0,0.0,1.0,0.0,4453630.67
-0.893844316850527,-2.0664522843053326,1.165076075245805,0.0,0.0,0.0,1.0,0.0,0.0,0.0,0.0,1.0,0.0,1.0,0.0,1.0,1.0,1149120.58
1.4818216415561896,1.7694275528399614,1.165076075245805,0.0,0.0,0.0,0.0,0.0,0.0,0.0,1.0,0.0,0.0,0.0,0.0,0.0,0.0,7552099.14
0.8879051519545104,-0.4338686205248286,0.02961899553329029,0.0,0.0,0.0,1.0,0.0,0.0,0.0,0.0,0.0,0.0,1.0,1.0,1.0,0.0,6374295.28
1.4818216415561896,0.48849503132856337,0.44794528805895356,1.0,0.0,0.0,0.0,0.0,0.0,0.0,0.0,1.0,0.0,1.0,0.0,1.0,1.0,5219468.28
1.4818216415561896,0.717010626075241,-0.030141903398947317,0.0,0.0,0.0,0.0,0.0,0.0,0.0,1.0,1.0,0.0,0.0,1.0,1.0,0.0,6813172.46
-1.487760806452206,-2.0664522843053326,-1.1058380841792244,0.0,0.0,0.0,0.0,0.0,0.0,1.0,0.0,0.0,0.0,0.0,0.0,0.0,0.0,1818172.88
0.8879051519545104,0.8094775821735438,-1.46440347777265,1.0,0.0,0.0,0.0,0.0,0.0,0.0,0.0,1.0,0.0,1.0,0.0,0.0,0.0,5467122.61
0.2939886623528312,-0.6928222157826683,-1.5839252756371252,0.0,0.0,0.0,0.0,0.0,0.0,0.0,1.0,1.0,0.0,1.0,1.0,0.0,1.0,4928646.77
1.4818216415561896,-0.2955140727468198,-0.20942460019566014,0.0,0.0,0.0,0.0,1.0,0.0,0.0,0.0,0.0,1.0,0.0,0.0,0.0,0.0,3414437.67
0.8879051519545104,1.6105504138082145,-0.8070335895180363,0.0,1.0,0.0,0.0,0.0,0.0,0.0,0.0,0.0,1.0,1.0,0.0,1.0,1.0,9552972.87
0.2939886623528312,-1.8344778258642043,-1.165598983111462,0.0,0.0,0.0,0.0,0.0,0.0,0.0,1.0,1.0,0.0,0.0,0.0,0.0,1.0,2636873.19
-0.893844316850527,0.3999481207506375,0.0893798944655279,0.0,0.0,0.0,0.0,0.0,0.0,0.0,1.0,1.0,0.0,0.0,1.0,1.0,0.0,6032575.09
-0.893844316850527,0.7997927638290832,-0.9265553873825114,0.0,0.0,0.0,0.0,1.0,0.0,0.0,0.0,0.0,0.0,0.0,0.0,0.0,0.0,4412467.82
0.2939886623528312,-0.5012011671101263,1.6431632667037057,0.0,0.0,0.0,0.0,1.0,0.0,0.0,0.0,1.0,1.0,1.0,1.0,0.0,0.0,3601401.16
0.2939886623528312,0.011402432407396149,-0.8667944884502738,0.0,0.0,0.0,0.0,0.0,1.0,0.0,0.0,1.0,1.0,0.0,1.0,0.0,1.0,2390807.24
-1.487760806452206,0.30056343726343476,-0.08990280233118493,0.0,1.0,0.0,0.0,0.0,0.0,0.0,0.0,1.0,1.0,0.0,1.0,1.0,0.0,7871853.77
0.8879051519545104,-0.15001120666694745,-0.388707296992373,0.0,0.0,0.0,0.0,0.0,0.0,0.0,1.0,0.0,0.0,0.0,0.0,0.0,0.0,4497907.42
-0.893844316850527,-1.2978927713984936,1.28459787311028,1.0,0.0,0.0,0.0,0.0,0.0,0.0,0.0,0.0,0.0,0.0,0.0,0.0,0.0,1868925.18
1.4818216415561896,-0.09997297855390083,-1.2253598820436995,0.0,0.0,0.0,0.0,0.0,0.0,0.0,1.0,0.0,1.0,1.0,0.0,0.0,0.0,4150760.14
0.2939886623528312,-0.6697631244863335,-0.388707296992373,0.0,0.0,0.0,0.0,0.0,1.0,0.0,0.0,1.0,1.0,0.0,1.0,0.0,1.0,2809819.34
-0.893844316850527,0.6197012608047086,0.9260324795168544,0.0,0.0,0.0,1.0,0.0,0.0,0.0,0.0,0.0,0.0,1.0,0.0,0.0,0.0,7150139.23
-1.487760806452206,0.4758125311155792,0.1491407933977655,0.0,0.0,0.0,0.0,0.0,1.0,0.0,0.0,0.0,1.0,0.0,0.0,0.0,1.0,4122488.11
0.2939886623528312,0.25190875462816853,-0.32894639806013537,0.0,0.0,0.0,0.0,1.0,0.0,0.0,0.0,1.0,0.0,1.0,1.0,1.0,0.0,6310817.68
-0.893844316850527,1.3615122278077987,0.686988883787904,0.0,0.0,0.0,0.0,0.0,0.0,1.0,0.0,0.0,0.0,0.0,0.0,0.0,0.0,12108443.23
-1.487760806452206,-2.0664522843053326,0.9857933784490921,1.0,0.0,0.0,0.0,0.0,0.0,0.0,0.0,1.0,0.0,1.0,0.0,0.0,1.0,991500.07
0.2939886623528312,0.04483811478708161,0.8662715805846168,0.0,0.0,0.0,0.0,0.0,0.0,0.0,1.0,0.0,0.0,1.0,1.0,1.0,0.0,4391935.2
0.2939886623528312,2.095483103770136,0.9857933784490921,1.0,0.0,0.0,0.0,0.0,0.0,0.0,0.0,1.0,0.0,1.0,0.0,1.0,1.0,9744077.96
0.2939886623528312,0.5839596692953897,-1.2253598820436995,0.0,0.0,1.0,0.0,0.0,0.0,0.0,0.0,1.0,0.0,0.0,0.0,0.0,0.0,6027809.17
1.4818216415561896,0.011402432407396149,-0.388707296992373,0.0,0.0,1.0,0.0,0.0,0.0,0.0,0.0,0.0,1.0,1.0,1.0,1.0,0.0,7694527.9
1.4818216415561896,-1.0251037213628529,1.5834023677714681,0.0,0.0,0.0,0.0,0.0,0.0,0.0,1.0,1.0,0.0,1.0,1.0,0.0,0.0,2323422.01
-0.893844316850527,-0.9711454477294295,-0.20942460019566014,0.0,0.0,0.0,0.0,1.0,0.0,0.0,0.0,0.0,0.0,0.0,0.0,0.0,0.0,2952279.6
0.2939886623528312,0.5115541226248982,0.0893798944655279,0.0,1.0,0.0,0.0,0.0,0.0,0.0,0.0,0.0,0.0,0.0,0.0,0.0,0.0,7148067.18
0.8879051519545104,-0.32894975512650526,0.02961899553329029,0.0,0.0,0.0,0.0,1.0,0.0,0.0,0.0,0.0,0.0,0.0,0.0,0.0,0.0,3840339.01
0.2939886623528312,-1.2199530428168819,-1.0460771852469868,0.0,0.0,0.0,0.0,1.0,0.0,0.0,0.0,1.0,0.0,1.0,0.0,1.0,0.0,2545950.01
0.8879051519545104,-0.5376345313583352,-0.687511791653561,0.0,0.0,0.0,0.0,1.0,0.0,0.0,0.0,0.0,1.0,0.0,0.0,0.0,0.0,3097574.78
0.8879051519545104,1.0723512229517607,1.165076075245805,0.0,0.0,1.0,0.0,0.0,0.0,0.0,0.0,0.0,0.0,0.0,0.0,0.0,0.0,5064799.81
-0.893844316850527,0.1859597535206507,0.2089016923300031,0.0,0.0,0.0,0.0,0.0,0.0,1.0,0.0,1.0,1.0,0.0,0.0,0.0,0.0,8108166.22
-0.2999278272488479,0.2745066640985765,-1.5839252756371252,0.0,0.0,0.0,0.0,0.0,1.0,0.0,0.0,0.0,0.0,0.0,0.0,0.0,0.0,3736376.58
-1.487760806452206,0.6503698522288337,1.8224459635004187,1.0,0.0,0.0,0.0,0.0,0.0,0.0,0.0,0.0,1.0,0.0,0.0,1.0,0.0,5167024.46
-0.2999278272488479,1.0077857673220232,-0.8070335895180363,0.0,0.0,0.0,0.0,0.0,1.0,0.0,0.0,0.0,0.0,0.0,0.0,0.0,0.0,3482142.75
0.2939886623528312,0.04253220565744813,0.8662715805846168,0.0,0.0,0.0,1.0,0.0,0.0,0.0,0.0,0.0,1.0,1.0,1.0,0.0,1.0,7637745.99
0.2939886623528312,0.011402432407396149,1.3443587720425176,0.0,0.0,0.0,0.0,0.0,0.0,1.0,0.0,0.0,0.0,0.0,0.0,0.0,0.0,5291220.06
0.8879051519545104,-0.45808066638598016,-0.26918549912789774,0.0,0.0,0.0,0.0,0.0,0.0,1.0,0.0,1.0,0.0,0.0,0.0,1.0,0.0,6108273.24
0.2939886623528312,-1.618183549504584,-0.6277508927213235,0.0,0.0,0.0,0.0,1.0,0.0,0.0,0.0,1.0,0.0,0.0,0.0,0.0,1.0,1721708.57
0.2939886623528312,-1.1812137694390394,-1.46440347777265,1.0,0.0,0.0,0.0,0.0,0.0,0.0,0.0,0.0,0.0,0.0,0.0,0.0,0.0,2299431.18
-1.487760806452206,0.7225448079863616,-0.44846819592461057,1.0,0.0,0.0,0.0,0.0,0.0,0.0,0.0,0.0,0.0,0.0,0.0,0.0,1.0,5114131.29
1.4818216415561896,-0.30750480022091403,1.28459787311028,0.0,0.0,0.0,0.0,1.0,0.0,0.0,0.0,0.0,0.0,0.0,0.0,0.0,0.0,3805960.34
-1.487760806452206,-0.984058538855377,-0.030141903398947317,0.0,0.0,0.0,1.0,0.0,0.0,0.0,0.0,1.0,0.0,1.0,1.0,0.0,0.0,3974268.92
-0.2999278272488479,-0.40135530179699647,-1.2253598820436995,1.0,0.0,0.0,0.0,0.0,0.0,0.0,0.0,1.0,0.0,0.0,0.0,1.0,0.0,3630450.51
0.8879051519545104,1.2224659072908999,0.8662715805846168,0.0,0.0,0.0,1.0,0.0,0.0,0.0,0.0,0.0,0.0,0.0,0.0,0.0,1.0,8088986.73
0.8879051519545104,-0.32041789134686127,1.5834023677714681,0.0,0.0,0.0,0.0,1.0,0.0,0.0,0.0,0.0,1.0,0.0,0.0,0.0,0.0,3563899.32
1.4818216415561896,1.3338413182521969,0.686988883787904,0.0,0.0,0.0,0.0,0.0,0.0,0.0,1.0,0.0,0.0,0.0,0.0,1.0,0.0,6335188.73
0.8879051519545104,1.0419132224405985,1.6431632667037057,0.0,0.0,0.0,0.0,0.0,0.0,0.0,1.0,0.0,0.0,1.0,0.0,0.0,0.0,7336385.87
1.4818216415561896,0.5901856239453996,-0.687511791653561,0.0,0.0,0.0,0.0,0.0,0.0,0.0,1.0,0.0,0.0,0.0,0.0,0.0,0.0,5283487.99
0.2939886623528312,-0.28237039070790887,-0.26918549912789774,0.0,0.0,0.0,0.0,1.0,0.0,0.0,0.0,0.0,0.0,0.0,1.0,0.0,0.0,4312009.65
-0.893844316850527,-2.0664522843053326,1.0455542773813296,0.0,0.0,0.0,0.0,0.0,0.0,0.0,1.0,0.0,0.0,0.0,0.0,0.0,0.0,909558.88
-1.487760806452206,1.2810359991835905,0.26866259126224074,0.0,0.0,0.0,0.0,0.0,1.0,0.0,0.0,0.0,1.0,0.0,1.0,1.0,1.0,6030873.58
-0.893844316850527,-0.02987334101304283,-0.8667944884502738,0.0,1.0,0.0,0.0,0.0,0.0,0.0,0.0,0.0,0.0,1.0,0.0,0.0,0.0,6404007.62
-0.893844316850527,0.14053334366687104,0.44794528805895356,0.0,0.0,0.0,0.0,0.0,1.0,0.0,0.0,0.0,1.0,1.0,0.0,0.0,0.0,4343338.44
0.8879051519545104,0.011402432407396149,1.7626850645681809,0.0,0.0,1.0,0.0,0.0,0.0,0.0,0.0,0.0,1.0,1.0,0.0,1.0,1.0,3476331.52
0.2939886623528312,0.011402432407396149,-0.687511791653561,0.0,0.0,0.0,1.0,0.0,0.0,0.0,0.0,0.0,0.0,1.0,0.0,0.0,0.0,10475425.07
0.2939886623528312,-2.0664522843053326,-0.5082290948568482,0.0,0.0,0.0,1.0,0.0,0.0,0.0,0.0,0.0,0.0,0.0,0.0,0.0,0.0,1454093.5
1.4818216415561896,0.011402432407396149,1.165076075245805,0.0,0.0,0.0,0.0,0.0,1.0,0.0,0.0,0.0,0.0,0.0,0.0,0.0,0.0,4196653.16
-0.2999278272488479,0.26274652753744543,-0.7472726905857986,0.0,0.0,1.0,0.0,0.0,0.0,0.0,0.0,0.0,1.0,0.0,1.0,0.0,0.0,4855556.78
-0.893844316850527,-0.5542370770916963,1.165076075245805,0.0,0.0,0.0,0.0,0.0,0.0,1.0,0.0,1.0,0.0,0.0,0.0,1.0,1.0,6636569.76
-0.2999278272488479,1.146140315100032,1.8224459635004187,0.0,0.0,0.0,1.0,0.0,0.0,0.0,0.0,0.0,0.0,0.0,0.0,0.0,0.0,8020661.43
-1.487760806452206,-1.2171859518613217,-0.030141903398947317,0.0,1.0,0.0,0.0,0.0,0.0,0.0,0.0,0.0,0.0,0.0,0.0,0.0,1.0,3683583.65
-1.487760806452206,-1.3799831364134454,1.8224459635004187,0.0,0.0,0.0,0.0,0.0,0.0,0.0,1.0,0.0,0.0,0.0,0.0,0.0,0.0,1403219.04
0.8879051519545104,-0.2136542986448313,1.1053151763135673,0.0,0.0,0.0,0.0,0.0,0.0,1.0,0.0,0.0,1.0,0.0,1.0,1.0,1.0,6304383.04
-0.2999278272488479,0.02108725075185687,0.32842349019447836,0.0,0.0,0.0,0.0,1.0,0.0,0.0,0.0,0.0,0.0,0.0,0.0,0.0,0.0,3578267.28
1.4818216415561896,0.011402432407396149,0.8662715805846168,0.0,0.0,0.0,0.0,0.0,0.0,0.0,1.0,0.0,1.0,0.0,0.0,0.0,0.0,5170892.1
-1.487760806452206,1.013319949233143,0.0893798944655279,0.0,0.0,0.0,0.0,0.0,0.0,0.0,1.0,1.0,0.0,0.0,0.0,0.0,0.0,4965077.7
-1.487760806452206,0.011402432407396149,-0.030141903398947317,0.0,1.0,0.0,0.0,0.0,0.0,0.0,0.0,0.0,0.0,0.0,0.0,0.0,0.0,3255255.27
-1.487760806452206,-0.17399266161513532,-1.3448816799081746,0.0,0.0,0.0,1.0,0.0,0.0,0.0,0.0,0.0,0.0,0.0,0.0,0.0,1.0,6766930.9
0.2939886623528312,0.22700493602812652,-0.5679899937890858,0.0,0.0,0.0,0.0,0.0,0.0,1.0,0.0,0.0,1.0,0.0,1.0,1.0,1.0,7138181.56
-1.487760806452206,-0.12602975171875905,0.44794528805895356,0.0,0.0,0.0,0.0,0.0,1.0,0.0,0.0,1.0,1.0,1.0,1.0,0.0,0.0,3841927.75
1.4818216415561896,0.1645147986150594,0.9857933784490921,0.0,0.0,0.0,0.0,1.0,0.0,0.0,0.0,0.0,0.0,0.0,0.0,0.0,0.0,5089358.74
0.2939886623528312,-0.06699847800014216,1.1053151763135673,0.0,0.0,0.0,0.0,0.0,0.0,1.0,0.0,1.0,1.0,0.0,1.0,0.0,1.0,7302172.19
-0.893844316850527,1.194564406822335,0.2089016923300031,0.0,0.0,0.0,0.0,0.0,0.0,1.0,0.0,0.0,0.0,0.0,0.0,0.0,0.0,14904694.21
0.2939886623528312,0.8067104912179835,0.02961899553329029,0.0,0.0,0.0,0.0,0.0,0.0,1.0,0.0,1.0,0.0,1.0,1.0,1.0,0.0,9926952.62
-0.2999278272488479,1.0778854048628805,-0.7472726905857986,0.0,0.0,0.0,0.0,0.0,0.0,1.0,0.0,0.0,0.0,0.0,0.0,0.0,0.0,7754975.68
-1.487760806452206,0.02961911453150085,0.32842349019447836,0.0,0.0,0.0,0.0,0.0,0.0,0.0,1.0,0.0,0.0,0.0,0.0,0.0,1.0,4716537.53
0.2939886623528312,0.011402432407396149,0.32842349019447836,0.0,0.0,1.0,0.0,0.0,0.0,0.0,0.0,0.0,0.0,0.0,0.0,0.0,0.0,3289385.4
-1.487760806452206,0.011402432407396149,0.6272279848556663,0.0,0.0,0.0,0.0,0.0,0.0,0.0,1.0,0.0,0.0,0.0,1.0,1.0,1.0,5083765.92
1.4818216415561896,-0.4915163487656656,-0.030141903398947317,0.0,0.0,0.0,0.0,0.0,1.0,0.0,0.0,0.0,0.0,0.0,0.0,1.0,1.0,2610332.87
-1.487760806452206,-2.0664522843053326,-1.5241643767048876,0.0,0.0,1.0,0.0,0.0,0.0,0.0,0.0,0.0,0.0,0.0,0.0,0.0,0.0,1014548.77
1.4818216415561896,-0.4433228479563259,-0.6277508927213235,0.0,0.0,0.0,0.0,0.0,1.0,0.0,0.0,0.0,0.0,0.0,0.0,0.0,1.0,3363404.99
-0.893844316850527,0.7682018087531044,-0.030141903398947317,0.0,0.0,0.0,0.0,0.0,0.0,0.0,1.0,0.0,1.0,0.0,0.0,1.0,0.0,5241480.98
-1.487760806452206,-0.7915151265309814,-0.030141903398947317,0.0,0.0,1.0,0.0,0.0,0.0,0.0,0.0,0.0,1.0,1.0,1.0,0.0,1.0,2477770.53
0.2939886623528312,0.69833276212521,1.1053151763135673,0.0,0.0,0.0,0.0,0.0,1.0,0.0,0.0,0.0,1.0,1.0,1.0,0.0,1.0,4585564.56
-1.487760806452206,1.6190822775878584,0.6272279848556663,0.0,0.0,0.0,1.0,0.0,0.0,0.0,0.0,0.0,0.0,0.0,0.0,0.0,0.0,10522578.75
-1.487760806452206,0.020164887100003793,1.1053151763135673,0.0,0.0,1.0,0.0,0.0,0.0,0.0,0.0,0.0,0.0,0.0,1.0,0.0,1.0,6392331.87
-1.487760806452206,-0.6819844428733911,-0.7472726905857986,0.0,0.0,0.0,1.0,0.0,0.0,0.0,0.0,1.0,1.0,1.0,0.0,0.0,1.0,5964137.88
0.2939886623528312,-0.043708795790843705,1.165076075245805,1.0,0.0,0.0,0.0,0.0,0.0,0.0,0.0,1.0,0.0,0.0,0.0,1.0,1.0,3618597.3
0.2939886623528312,2.8216138886917186,-0.7472726905857986,0.0,0.0,0.0,1.0,0.0,0.0,0.0,0.0,1.0,0.0,1.0,0.0,0.0,0.0,12875178.04
0.2939886623528312,0.011402432407396149,-0.030141903398947317,0.0,0.0,0.0,0.0,0.0,0.0,0.0,1.0,1.0,0.0,1.0,0.0,1.0,1.0,4106333.08
1.4818216415561896,-0.13778988827988958,1.5834023677714681,0.0,0.0,0.0,0.0,1.0,0.0,0.0,0.0,0.0,0.0,0.0,0.0,0.0,0.0,3729872.43
0.8879051519545104,-1.161613541837155,1.28459787311028,0.0,0.0,0.0,0.0,0.0,0.0,0.0,1.0,1.0,1.0,1.0,1.0,0.0,0.0,3288065.89
-1.487760806452206,0.7054810804270736,-0.030141903398947317,0.0,0.0,0.0,1.0,0.0,0.0,0.0,0.0,0.0,0.0,0.0,1.0,0.0,0.0,8061518.64
-0.2999278272488479,-0.831176763560677,-0.8667944884502738,0.0,0.0,1.0,0.0,0.0,0.0,0.0,0.0,0.0,0.0,0.0,0.0,0.0,1.0,2658499.25
-0.2999278272488479,-2.0664522843053326,1.165076075245805,0.0,0.0,0.0,0.0,0.0,1.0,0.0,0.0,0.0,1.0,1.0,1.0,0.0,1.0,774939.69
-1.487760806452206,0.2929539371356444,1.5236414688392306,0.0,0.0,1.0,0.0,0.0,0.0,0.0,0.0,0.0,1.0,0.0,1.0,1.0,0.0,4169434.1
-0.2999278272488479,-0.6649207153141033,-0.9863162863147491,0.0,0.0,0.0,0.0,0.0,0.0,0.0,1.0,0.0,1.0,0.0,0.0,0.0,1.0,3015018.85
0.2939886623528312,0.503483440671181,0.44794528805895356,1.0,0.0,0.0,0.0,0.0,0.0,0.0,0.0,0.0,1.0,0.0,0.0,1.0,1.0,4790697.72
-0.2999278272488479,-0.8394780364273576,-1.4046425788404124,0.0,0.0,0.0,1.0,0.0,0.0,0.0,0.0,0.0,0.0,1.0,1.0,1.0,1.0,4875533.18
0.8879051519545104,0.2470663454559379,0.9857933784490921,0.0,0.0,0.0,1.0,0.0,0.0,0.0,0.0,1.0,0.0,1.0,0.0,0.0,0.0,8389353.54
0.2939886623528312,-0.22702857159670536,-0.14966370126342254,0.0,0.0,0.0,0.0,0.0,0.0,0.0,1.0,0.0,0.0,1.0,1.0,1.0,0.0,3602300.81
-1.487760806452206,0.7128599896419008,-1.0460771852469868,0.0,0.0,1.0,0.0,0.0,0.0,0.0,0.0,0.0,0.0,0.0,0.0,0.0,0.0,5232636.69
0.8879051519545104,1.669120505700905,1.1053151763135673,0.0,0.0,0.0,0.0,0.0,0.0,0.0,1.0,0.0,1.0,0.0,0.0,1.0,1.0,7438413.73
0.8879051519545104,0.663974716093671,-0.20942460019566014,0.0,0.0,0.0,0.0,1.0,0.0,0.0,0.0,0.0,0.0,0.0,1.0,0.0,0.0,6343415.27
1.4818216415561896,0.9137046748329772,0.686988883787904,0.0,0.0,0.0,0.0,0.0,1.0,0.0,0.0,0.0,0.0,0.0,0.0,0.0,0.0,3931107.07
1.4818216415561896,-0.8920527645830012,0.9857933784490921,0.0,0.0,0.0,0.0,0.0,1.0,0.0,0.0,0.0,1.0,0.0,1.0,1.0,1.0,2729593.84
-0.2999278272488479,-0.1281050699354294,1.5236414688392306,0.0,0.0,0.0,0.0,0.0,0.0,0.0,1.0,0.0,0.0,1.0,1.0,0.0,0.0,4804472.13
1.4818216415561896,2.558740247913502,0.8662715805846168,0.0,0.0,1.0,0.0,0.0,0.0,0.0,0.0,1.0,0.0,0.0,0.0,0.0,0.0,7039414.31
0.2939886623528312,-1.2536193161095308,-0.030141903398947317,0.0,0.0,0.0,1.0,0.0,0.0,0.0,0.0,1.0,0.0,0.0,1.0,1.0,1.0,3364780.29
1.4818216415561896,0.1437616164483581,1.5236414688392306,0.0,1.0,0.0,0.0,0.0,0.0,0.0,0.0,1.0,1.0,0.0,1.0,1.0,0.0,4641304.97
0.8879051519545104,-1.8674523264179632,-0.687511791653561,0.0,0.0,1.0,0.0,0.0,0.0,0.0,0.0,0.0,0.0,1.0,0.0,1.0,1.0,1249540.1
0.2939886623528312,-0.17422325252809898,-0.030141903398947317,0.0,0.0,0.0,0.0,0.0,0.0,1.0,0.0,0.0,0.0,0.0,0.0,1.0,0.0,9890240.61
1.4818216415561896,0.5122458953637881,0.5077061869911912,0.0,0.0,1.0,0.0,0.0,0.0,0.0,0.0,1.0,0.0,0.0,0.0,1.0,0.0,5091884.11
-1.487760806452206,-1.2872855894021795,0.7467497827201416,0.0,0.0,0.0,1.0,0.0,0.0,0.0,0.0,0.0,0.0,1.0,0.0,0.0,1.0,2689711.28
-0.2999278272488479,2.5596626115653547,-0.9265553873825114,0.0,0.0,0.0,0.0,1.0,0.0,0.0,0.0,0.0,0.0,1.0,1.0,1.0,1.0,11931568.72
1.4818216415561896,-1.363149999767121,1.8224459635004187,0.0,0.0,0.0,0.0,0.0,0.0,1.0,0.0,0.0,0.0,1.0,1.0,0.0,0.0,3814032.43
0.8879051519545104,-0.5895174867750885,1.4041196709747552,0.0,0.0,0.0,0.0,0.0,1.0,0.0,0.0,1.0,0.0,1.0,0.0,1.0,1.0,2864985.0
-0.893844316850527,2.0931771946405022,-1.4046425788404124,0.0,0.0,0.0,0.0,0.0,1.0,0.0,0.0,0.0,0.0,0.0,0.0,0.0,0.0,7339810.87
-0.2999278272488479,-1.2725277709725253,0.5077061869911912,0.0,1.0,0.0,0.0,0.0,0.0,0.0,0.0,1.0,1.0,0.0,0.0,0.0,0.0,2806146.56
-0.2999278272488479,-1.0301767214480466,-1.1058380841792244,0.0,1.0,0.0,0.0,0.0,0.0,0.0,0.0,1.0,0.0,0.0,1.0,1.0,0.0,3277279.76
1.4818216415561896,0.40294580261916146,0.38818438912671593,0.0,0.0,0.0,0.0,0.0,0.0,0.0,1.0,0.0,1.0,1.0,0.0,1.0,0.0,4201870.72
-0.893844316850527,1.5083986393654514,-0.6277508927213235,1.0,0.0,0.0,0.0,0.0,0.0,0.0,0.0,0.0,0.0,0.0,1.0,0.0,1.0,6184920.12
0.8879051519545104,0.011402432407396149,-0.687511791653561,0.0,0.0,0.0,0.0,0.0,1.0,0.0,0.0,0.0,0.0,0.0,0.0,0.0,0.0,3266257.88
0.8879051519545104,1.3442179093355475,0.5077061869911912,0.0,0.0,0.0,0.0,1.0,0.0,0.0,0.0,0.0,0.0,0.0,0.0,0.0,0.0,5240484.19
0.2939886623528312,-0.6589253515770563,-0.5082290948568482,0.0,1.0,0.0,0.0,0.0,0.0,0.0,0.0,1.0,1.0,1.0,1.0,0.0,0.0,4473233.35
0.2939886623528312,-0.9384015380886339,0.2089016923300031,0.0,0.0,0.0,0.0,0.0,0.0,1.0,0.0,1.0,0.0,1.0,1.0,0.0,1.0,4410737.27
0.2939886623528312,0.486419713111893,0.44794528805895356,0.0,0.0,0.0,0.0,1.0,0.0,0.0,0.0,0.0,1.0,0.0,0.0,0.0,1.0,5889622.06
-0.2999278272488479,1.0345343132257714,-1.4046425788404124,0.0,0.0,0.0,1.0,0.0,0.0,0.0,0.0,1.0,1.0,0.0,0.0,1.0,1.0,10127174.29
0.2939886623528312,0.44721925790812384,-0.8070335895180363,0.0,1.0,0.0,0.0,0.0,0.0,0.0,0.0,1.0,0.0,0.0,0.0,0.0,0.0,5989505.32
1.4818216415561896,-0.3900563470617925,-0.20942460019566014,0.0,0.0,0.0,0.0,0.0,0.0,0.0,1.0,0.0,0.0,0.0,0.0,0.0,1.0,4209441.52
0.8879051519545104,2.00416910223665,0.2089016923300031,0.0,0.0,0.0,1.0,0.0,0.0,0.0,0.0,0.0,1.0,0.0,1.0,0.0,1.0,11654375.7
-1.487760806452206,-2.0664522843053326,0.0893798944655279,0.0,0.0,0.0,0.0,0.0,0.0,0.0,1.0,1.0,1.0,1.0,1.0,0.0,0.0,1154243.07
-0.893844316850527,-0.2625395721930612,0.9260324795168544,0.0,0.0,0.0,0.0,0.0,0.0,1.0,0.0,0.0,1.0,1.0,1.0,0.0,1.0,8376203.49
-1.487760806452206,0.011402432407396149,1.3443587720425176,0.0,0.0,0.0,0.0,0.0,1.0,0.0,0.0,1.0,0.0,0.0,1.0,1.0,1.0,5641802.53
0.2939886623528312,-1.3887455911060527,0.38818438912671593,0.0,1.0,0.0,0.0,0.0,0.0,0.0,0.0,0.0,0.0,0.0,0.0,0.0,0.0,3029115.23
-1.487760806452206,-1.4489298193894866,0.1491407933977655,0.0,0.0,0.0,0.0,0.0,0.0,0.0,1.0,0.0,0.0,1.0,0.0,1.0,0.0,2146767.21
-0.2999278272488479,0.7117070350770841,0.1491407933977655,0.0,0.0,0.0,0.0,1.0,0.0,0.0,0.0,1.0,0.0,1.0,0.0,0.0,0.0,4901223.35
0.8879051519545104,-1.0668406766092189,-0.030141903398947317,0.0,0.0,0.0,0.0,0.0,0.0,1.0,0.0,1.0,1.0,0.0,1.0,0.0,1.0,4644472.14
-1.487760806452206,-0.9275637651793567,-0.44846819592461057,0.0,0.0,0.0,1.0,0.0,0.0,0.0,0.0,1.0,0.0,1.0,0.0,1.0,1.0,4484108.63
0.2939886623528312,-0.9146506740534092,-0.20942460019566014,0.0,0.0,0.0,0.0,0.0,1.0,0.0,0.0,0.0,0.0,0.0,1.0,0.0,1.0,2191150.23
-0.893844316850527,1.185340770303801,1.165076075245805,0.0,0.0,0.0,1.0,0.0,0.0,0.0,0.0,0.0,0.0,0.0,0.0,1.0,0.0,8615713.76
0.8879051519545104,0.011402432407396149,1.2248369741780425,0.0,0.0,0.0,0.0,0.0,0.0,1.0,0.0,0.0,0.0,0.0,0.0,0.0,0.0,6500659.94
-0.2999278272488479,0.7735053997512612,-0.9265553873825114,1.0,0.0,0.0,0.0,0.0,0.0,0.0,0.0,0.0,0.0,0.0,0.0,1.0,0.0,5140111.02
0.2939886623528312,0.011402432407396149,-0.030141903398947317,0.0,0.0,1.0,0.0,0.0,0.0,0.0,0.0,0.0,1.0,1.0,0.0,0.0,0.0,1289575.7
-1.487760806452206,1.1304601330185244,-0.9863162863147491,0.0,0.0,0.0,0.0,0.0,0.0,1.0,0.0,0.0,0.0,0.0,0.0,0.0,0.0,12895811.11
-0.893844316850527,-1.718260005730677,-1.4046425788404124,0.0,0.0,0.0,0.0,0.0,0.0,1.0,0.0,0.0,0.0,0.0,0.0,0.0,0.0,1840743.3
1.4818216415561896,0.5602088052601644,1.5236414688392306,0.0,0.0,0.0,0.0,0.0,0.0,1.0,0.0,0.0,0.0,0.0,1.0,1.0,1.0,11193658.0
-0.2999278272488479,0.7765030816197852,0.6272279848556663,0.0,0.0,0.0,0.0,0.0,0.0,1.0,0.0,1.0,0.0,1.0,0.0,1.0,1.0,9501050.13
0.2939886623528312,-1.024411948623963,-1.0460771852469868,0.0,0.0,1.0,0.0,0.0,0.0,0.0,0.0,0.0,1.0,0.0,0.0,0.0,1.0,2743978.64
-1.487760806452206,1.6172375502841518,-1.4046425788404124,1.0,0.0,0.0,0.0,0.0,0.0,0.0,0.0,0.0,0.0,0.0,0.0,0.0,1.0,6347837.67
0.8879051519545104,0.3863432568858003,-1.0460771852469868,0.0,0.0,0.0,0.0,0.0,0.0,1.0,0.0,1.0,0.0,1.0,1.0,1.0,0.0,9608863.68
1.4818216415561896,0.7688935814919943,1.5236414688392306,0.0,0.0,0.0,0.0,0.0,0.0,0.0,1.0,1.0,1.0,1.0,0.0,1.0,0.0,6304264.27
0.2939886623528312,0.4290025757840197,-0.687511791653561,0.0,0.0,0.0,0.0,0.0,1.0,0.0,0.0,1.0,0.0,1.0,0.0,0.0,1.0,4828641.84
-0.2999278272488479,-0.7693783988865,0.9260324795168544,0.0,0.0,0.0,0.0,1.0,0.0,0.0,0.0,0.0,0.0,0.0,1.0,1.0,1.0,2689832.26
1.4818216415561896,0.0010258413240454888,-1.46440347777265,0.0,1.0,0.0,0.0,0.0,0.0,0.0,0.0,1.0,0.0,0.0,0.0,0.0,0.0,4853419.48
-1.487760806452206,-0.6134989417232767,-0.687511791653561,0.0,0.0,0.0,0.0,1.0,0.0,0.0,0.0,1.0,0.0,1.0,0.0,0.0,0.0,3292087.61
0.8879051519545104,0.7873408545290621,-1.2253598820436995,0.0,0.0,0.0,0.0,0.0,1.0,0.0,0.0,1.0,0.0,0.0,0.0,0.0,0.0,5295433.68
0.2939886623528312,0.018320159796296587,-0.7472726905857986,0.0,0.0,0.0,1.0,0.0,0.0,0.0,0.0,1.0,0.0,0.0,1.0,1.0,1.0,6866090.78
0.8879051519545104,0.3870350296246902,1.4041196709747552,0.0,0.0,1.0,0.0,0.0,0.0,0.0,0.0,0.0,0.0,0.0,0.0,0.0,0.0,3975593.93
-1.487760806452206,-0.4942834397212259,0.02961899553329029,0.0,0.0,0.0,0.0,0.0,1.0,0.0,0.0,0.0,0.0,0.0,0.0,0.0,0.0,3350665.62
1.4818216415561896,0.011402432407396149,1.7029241656359433,0.0,0.0,0.0,0.0,0.0,1.0,0.0,0.0,0.0,1.0,0.0,1.0,0.0,0.0,3755725.26
-0.893844316850527,-1.671219459486154,1.2248369741780425,0.0,0.0,0.0,0.0,1.0,0.0,0.0,0.0,1.0,1.0,0.0,0.0,0.0,0.0,994751.52
0.8879051519545104,0.09072570646678807,-1.6436861745693627,0.0,0.0,0.0,0.0,1.0,0.0,0.0,0.0,0.0,0.0,0.0,0.0,0.0,0.0,3551774.09
-0.2999278272488479,1.8582050543308504,-0.030141903398947317,0.0,0.0,0.0,0.0,0.0,1.0,0.0,0.0,0.0,0.0,1.0,0.0,1.0,1.0,4901447.61
0.2939886623528312,-0.6598477152289096,-0.030141903398947317,1.0,0.0,0.0,0.0,0.0,0.0,0.0,0.0,0.0,0.0,0.0,0.0,0.0,0.0,3912008.77
1.4818216415561896,-1.1708371783556888,0.9857933784490921,0.0,0.0,0.0,0.0,1.0,0.0,0.0,0.0,0.0,0.0,1.0,0.0,1.0,0.0,2961558.94
1.4818216415561896,0.4608241217729616,0.9260324795168544,0.0,0.0,0.0,0.0,0.0,1.0,0.0,0.0,1.0,0.0,1.0,0.0,0.0,1.0,4195126.05
0.8879051519545104,-0.4161131202266507,-1.6436861745693627,1.0,0.0,0.0,0.0,0.0,0.0,0.0,0.0,0.0,0.0,0.0,1.0,0.0,1.0,3838624.73
-0.2999278272488479,0.2546758455837283,0.8065106816523792,0.0,0.0,1.0,0.0,0.0,0.0,0.0,0.0,1.0,1.0,1.0,0.0,1.0,0.0,5081687.84
1.4818216415561896,-0.43156271139519514,0.44794528805895356,0.0,0.0,0.0,0.0,0.0,1.0,0.0,0.0,0.0,0.0,0.0,1.0,0.0,0.0,3973254.12
-0.2999278272488479,0.10317761576680906,-0.6277508927213235,0.0,0.0,0.0,1.0,0.0,0.0,0.0,0.0,1.0,0.0,1.0,1.0,1.0,0.0,8510622.12
-1.487760806452206,1.5342248216173464,1.463880569906993,0.0,0.0,0.0,0.0,0.0,0.0,1.0,0.0,0.0,1.0,1.0,0.0,1.0,0.0,9712428.25
0.8879051519545104,0.5237754410119555,-0.14966370126342254,0.0,0.0,0.0,1.0,0.0,0.0,0.0,0.0,0.0,0.0,0.0,0.0,0.0,0.0,6982924.35
-0.2999278272488479,0.4469886669951607,0.7467497827201416,0.0,1.0,0.0,0.0,0.0,0.0,0.0,0.0,0.0,0.0,0.0,0.0,0.0,0.0,7309920.12
1.4818216415561896,-0.5470887587898325,-0.030141903398947317,0.0,0.0,0.0,0.0,1.0,0.0,0.0,0.0,0.0,0.0,0.0,1.0,0.0,0.0,3369240.65
-1.487760806452206,0.32223898308198967,0.7467497827201416,1.0,0.0,0.0,0.0,0.0,0.0,0.0,0.0,1.0,1.0,1.0,0.0,0.0,0.0,4160315.38
-1.487760806452206,0.6729677616992418,1.8224459635004187,0.0,0.0,0.0,0.0,1.0,0.0,0.0,0.0,0.0,0.0,1.0,0.0,0.0,0.0,5999674.06
0.8879051519545104,-1.3749101363282519,-1.0460771852469868,0.0,0.0,0.0,0.0,0.0,1.0,0.0,0.0,0.0,0.0,0.0,1.0,0.0,1.0,2063099.63
0.2939886623528312,-0.6499323059714858,-0.08990280233118493,0.0,0.0,0.0,0.0,0.0,0.0,1.0,0.0,0.0,0.0,1.0,1.0,1.0,1.0,4984070.36
-0.893844316850527,-1.107424677290768,1.7626850645681809,0.0,0.0,0.0,0.0,0.0,0.0,0.0,1.0,0.0,1.0,1.0,1.0,0.0,1.0,2805737.92
-0.893844316850527,-0.008658977020414708,1.1053151763135673,0.0,1.0,0.0,0.0,0.0,0.0,0.0,0.0,0.0,1.0,1.0,0.0,0.0,1.0,5431560.46
0.2939886623528312,1.2321507256353605,-0.32894639806013537,0.0,0.0,0.0,1.0,0.0,0.0,0.0,0.0,1.0,1.0,0.0,1.0,1.0,0.0,8455389.11
-1.487760806452206,0.41263062096362163,1.6431632667037057,0.0,0.0,0.0,0.0,0.0,1.0,0.0,0.0,1.0,1.0,1.0,1.0,0.0,0.0,6419110.42
0.8879051519545104,-1.143858041538977,-1.5839252756371252,0.0,0.0,0.0,1.0,0.0,0.0,0.0,0.0,0.0,0.0,0.0,0.0,0.0,0.0,3642450.81
0.8879051519545104,0.011402432407396149,0.9857933784490921,0.0,0.0,0.0,1.0,0.0,0.0,0.0,0.0,1.0,0.0,0.0,1.0,0.0,1.0,5485684.62
0.2939886623528312,1.7791123711844221,-0.14966370126342254,0.0,1.0,0.0,0.0,0.0,0.0,0.0,0.0,1.0,1.0,0.0,1.0,1.0,0.0,9944643.69
-0.2999278272488479,-0.574067895606544,-0.6277508927213235,0.0,0.0,0.0,1.0,0.0,0.0,0.0,0.0,0.0,0.0,1.0,1.0,1.0,1.0,4592288.53
0.2939886623528312,1.7110880518602345,1.8224459635004187,0.0,0.0,1.0,0.0,0.0,0.0,0.0,0.0,1.0,0.0,0.0,0.0,0.0,0.0,6667160.06
0.2939886623528312,-1.1092694045944749,-1.46440347777265,0.0,0.0,0.0,0.0,0.0,0.0,1.0,0.0,1.0,1.0,0.0,1.0,0.0,1.0,4695227.11
-0.2999278272488479,-0.5270273493620211,-1.5241643767048876,0.0,0.0,0.0,0.0,0.0,0.0,1.0,0.0,0.0,0.0,0.0,0.0,0.0,0.0,6095885.48
1.4818216415561896,0.03930393287596157,0.1491407933977655,0.0,0.0,0.0,0.0,0.0,1.0,0.0,0.0,0.0,0.0,0.0,0.0,0.0,0.0,5147342.12
-0.893844316850527,2.033223557270032,-1.1058380841792244,0.0,0.0,0.0,0.0,0.0,1.0,0.0,0.0,1.0,1.0,0.0,1.0,1.0,0.0,6445220.62
0.2939886623528312,0.5715077599953686,-1.46440347777265,0.0,0.0,0.0,0.0,0.0,0.0,0.0,1.0,0.0,0.0,0.0,1.0,0.0,0.0,5368124.16
0.2939886623528312,-0.03771343205379687,-0.9863162863147491,0.0,0.0,1.0,0.0,0.0,0.0,0.0,0.0,1.0,0.0,0.0,0.0,1.0,0.0,4200075.68
-0.893844316850527,0.23438384524295375,-0.5082290948568482,1.0,0.0,0.0,0.0,0.0,0.0,0.0,0.0,0.0,0.0,0.0,0.0,0.0,0.0,4514760.64
0.2939886623528312,1.0080163582349864,-1.5839252756371252,0.0,1.0,0.0,0.0,0.0,0.0,0.0,0.0,0.0,0.0,0.0,0.0,0.0,0.0,7685813.1
-1.487760806452206,2.3719616084131903,1.8224459635004187,0.0,0.0,0.0,0.0,1.0,0.0,0.0,0.0,0.0,0.0,0.0,0.0,0.0,0.0,9116595.89
0.8879051519545104,1.093104405118462,1.8224459635004187,0.0,1.0,0.0,0.0,0.0,0.0,0.0,0.0,1.0,1.0,1.0,0.0,1.0,0.0,9056830.62
-0.2999278272488479,-0.5450134405731625,0.686988883787904,0.0,0.0,0.0,0.0,0.0,0.0,1.0,0.0,0.0,0.0,0.0,0.0,0.0,0.0,4549368.14
-1.487760806452206,1.012858767407217,0.686988883787904,0.0,0.0,1.0,0.0,0.0,0.0,0.0,0.0,1.0,0.0,0.0,0.0,0.0,0.0,4926361.94
0.2939886623528312,0.06466893330192985,-0.14966370126342254,0.0,0.0,0.0,0.0,0.0,1.0,0.0,0.0,0.0,0.0,0.0,1.0,1.0,0.0,5322766.22
0.2939886623528312,-0.09743647851130369,1.165076075245805,0.0,0.0,0.0,0.0,1.0,0.0,0.0,0.0,0.0,1.0,1.0,1.0,1.0,0.0,3515502.96
-0.2999278272488479,-0.3181119822172278,1.6431632667037057,0.0,0.0,1.0,0.0,0.0,0.0,0.0,0.0,0.0,1.0,0.0,0.0,0.0,1.0,4116605.11
0.8879051519545104,0.011402432407396149,-0.20942460019566014,0.0,0.0,0.0,0.0,0.0,0.0,1.0,0.0,1.0,0.0,1.0,1.0,1.0,0.0,9031202.51
0.8879051519545104,-1.0400921307054705,1.5834023677714681,0.0,0.0,0.0,0.0,1.0,0.0,0.0,0.0,1.0,1.0,0.0,1.0,1.0,0.0,2775078.73
-0.893844316850527,-1.6516192318842693,-1.5839252756371252,0.0,0.0,0.0,1.0,0.0,0.0,0.0,0.0,0.0,1.0,1.0,1.0,0.0,1.0,2170650.54
0.2939886623528312,0.2138612539892161,0.26866259126224074,0.0,0.0,0.0,0.0,0.0,0.0,1.0,0.0,1.0,0.0,0.0,0.0,1.0,0.0,7599954.37
-0.893844316850527,-0.37645148319695476,-0.6277508927213235,0.0,0.0,0.0,0.0,0.0,0.0,1.0,0.0,0.0,0.0,1.0,1.0,1.0,1.0,6397863.25
0.8879051519545104,-0.3693031648950912,-0.5679899937890858,0.0,0.0,0.0,1.0,0.0,0.0,0.0,0.0,0.0,0.0,0.0,0.0,1.0,0.0,5507390.84
-0.893844316850527,1.6460614144045702,-1.6436861745693627,0.0,0.0,0.0,1.0,0.0,0.0,0.0,0.0,0.0,0.0,0.0,0.0,0.0,0.0,9332374.66
1.4818216415561896,-1.3924350457134662,0.2089016923300031,0.0,1.0,0.0,0.0,0.0,0.0,0.0,0.0,0.0,0.0,1.0,1.0,0.0,1.0,2461809.69
0.8879051519545104,1.9204646008309543,-0.5082290948568482,0.0,0.0,0.0,1.0,0.0,0.0,0.0,0.0,0.0,0.0,0.0,1.0,1.0,1.0,11046613.88
-0.893844316850527,1.1150105418499798,-0.5679899937890858,0.0,0.0,0.0,0.0,0.0,0.0,0.0,1.0,1.0,0.0,0.0,1.0,1.0,1.0,7013513.89
1.4818216415561896,-1.9398578730884544,-0.44846819592461057,0.0,0.0,0.0,0.0,0.0,0.0,0.0,1.0,0.0,0.0,0.0,1.0,0.0,0.0,1089934.77
-0.2999278272488479,-0.004969522413001349,-0.20942460019566014,0.0,0.0,0.0,1.0,0.0,0.0,0.0,0.0,0.0,1.0,0.0,0.0,0.0,0.0,11585094.27
-1.487760806452206,-0.3833692105858552,-1.165598983111462,0.0,0.0,1.0,0.0,0.0,0.0,0.0,0.0,0.0,1.0,1.0,0.0,1.0,0.0,3677773.68
-1.487760806452206,-0.644167533147402,1.8224459635004187,1.0,0.0,0.0,0.0,0.0,0.0,0.0,0.0,1.0,1.0,0.0,0.0,0.0,1.0,3323100.06
-1.487760806452206,1.2932573175706479,-0.030141903398947317,0.0,0.0,0.0,0.0,0.0,1.0,0.0,0.0,1.0,0.0,1.0,0.0,0.0,0.0,8186390.71
0.2939886623528312,-1.0313296760128634,0.6272279848556663,0.0,0.0,0.0,0.0,1.0,0.0,0.0,0.0,1.0,1.0,1.0,0.0,0.0,0.0,2913066.75
0.2939886623528312,0.23207793611332028,0.6272279848556663,0.0,0.0,0.0,0.0,0.0,1.0,0.0,0.0,0.0,0.0,0.0,1.0,1.0,0.0,3659683.52
1.4818216415561896,0.6618993978770011,0.9260324795168544,0.0,0.0,0.0,1.0,0.0,0.0,0.0,0.0,0.0,0.0,0.0,0.0,0.0,0.0,6402990.5
0.8879051519545104,0.05659825134821267,1.1053151763135673,0.0,0.0,0.0,0.0,0.0,0.0,1.0,0.0,0.0,0.0,0.0,1.0,0.0,0.0,6195169.25
-0.893844316850527,-0.41472957474887084,-0.030141903398947317,0.0,0.0,0.0,1.0,0.0,0.0,0.0,0.0,1.0,0.0,0.0,0.0,1.0,0.0,4755943.72
1.4818216415561896,0.02062606892593007,-1.5241643767048876,0.0,0.0,0.0,1.0,0.0,0.0,0.0,0.0,0.0,1.0,1.0,1.0,0.0,0.0,7568574.04
0.2939886623528312,-1.3080387715688808,-0.44846819592461057,0.0,0.0,0.0,0.0,0.0,1.0,0.0,0.0,1.0,0.0,1.0,1.0,1.0,0.0,1988165.49
-0.893844316850527,0.19426102638733153,-0.388707296992373,0.0,0.0,0.0,1.0,0.0,0.0,0.0,0.0,0.0,1.0,0.0,0.0,1.0,0.0,6475359.08
0.8879051519545104,0.4758125311155792,0.8662715805846168,0.0,0.0,0.0,0.0,0.0,0.0,1.0,0.0,1.0,1.0,0.0,0.0,0.0,0.0,7162875.87
-0.2999278272488479,-0.9826749933775968,1.5236414688392306,0.0,0.0,0.0,0.0,1.0,0.0,0.0,0.0,0.0,0.0,0.0,0.0,0.0,0.0,2458784.62
-0.2999278272488479,-0.46522898468784396,-0.030141903398947317,1.0,0.0,0.0,0.0,0.0,0.0,0.0,0.0,0.0,0.0,0.0,0.0,0.0,1.0,2423726.49
-1.487760806452206,-0.29182461813940647,-1.2253598820436995,0.0,0.0,0.0,1.0,0.0,0.0,0.0,0.0,1.0,1.0,0.0,1.0,0.0,1.0,5058993.61
-1.487760806452206,-0.7509311258494321,1.1053151763135673,0.0,0.0,1.0,0.0,0.0,0.0,0.0,0.0,1.0,0.0,0.0,1.0,0.0,0.0,2144454.45
-0.2999278272488479,0.32408371038569633,1.3443587720425176,0.0,1.0,0.0,0.0,0.0,0.0,0.0,0.0,0.0,0.0,0.0,0.0,0.0,0.0,5485877.21
1.4818216415561896,-0.5992023051195492,1.165076075245805,1.0,0.0,0.0,0.0,0.0,0.0,0.0,0.0,1.0,1.0,0.0,0.0,0.0,1.0,4306546.55
0.2939886623528312,-0.2028165257355538,-1.7034470735016003,0.0,0.0,0.0,0.0,1.0,0.0,0.0,0.0,1.0,1.0,0.0,0.0,1.0,1.0,4963243.47
-0.2999278272488479,1.5104739575821218,-1.285120780975937,0.0,0.0,1.0,0.0,0.0,0.0,0.0,0.0,0.0,1.0,0.0,1.0,1.0,1.0,6784916.58
0.2939886623528312,-1.6260236405453377,1.5834023677714681,0.0,0.0,0.0,0.0,0.0,0.0,1.0,0.0,0.0,0.0,0.0,0.0,0.0,0.0,2050388.05
-1.487760806452206,0.6489863067510533,-0.6277508927213235,0.0,0.0,1.0,0.0,0.0,0.0,0.0,0.0,0.0,0.0,0.0,0.0,0.0,0.0,4828863.19
-0.2999278272488479,0.6738901253510954,-0.8070335895180363,0.0,0.0,0.0,0.0,1.0,0.0,0.0,0.0,1.0,0.0,0.0,1.0,0.0,0.0,6685904.05
0.2939886623528312,-0.21457666229668487,-1.2253598820436995,0.0,0.0,0.0,0.0,0.0,0.0,0.0,1.0,0.0,1.0,1.0,1.0,0.0,1.0,4942558.12
0.2939886623528312,1.4844171844172636,1.7029241656359433,0.0,0.0,0.0,1.0,0.0,0.0,0.0,0.0,0.0,1.0,1.0,0.0,1.0,1.0,8865477.3
-1.487760806452206,-0.600585850597329,-0.14966370126342254,0.0,1.0,0.0,0.0,0.0,0.0,0.0,0.0,0.0,0.0,0.0,0.0,0.0,0.0,4403578.16
1.4818216415561896,1.0165482220146302,-1.46440347777265,1.0,0.0,0.0,0.0,0.0,0.0,0.0,0.0,0.0,1.0,0.0,0.0,1.0,0.0,7878051.1
1.4818216415561896,0.10294702485384541,0.5674670859234288,1.0,0.0,0.0,0.0,0.0,0.0,0.0,0.0,0.0,1.0,1.0,0.0,0.0,1.0,4126812.83
-1.487760806452206,-0.46638193925266075,-0.44846819592461057,0.0,0.0,0.0,0.0,0.0,1.0,0.0,0.0,1.0,0.0,0.0,0.0,1.0,1.0,2482028.99
0.2939886623528312,-0.7437828075475682,-1.7034470735016003,0.0,0.0,0.0,0.0,0.0,0.0,0.0,1.0,0.0,0.0,1.0,1.0,0.0,1.0,3318252.21
1.4818216415561896,-2.0664522843053326,-0.08990280233118493,0.0,0.0,0.0,0.0,0.0,0.0,1.0,0.0,0.0,0.0,0.0,0.0,0.0,0.0,1703623.12
0.8879051519545104,-0.2968976182245997,-0.030141903398947317,0.0,1.0,0.0,0.0,0.0,0.0,0.0,0.0,0.0,0.0,1.0,1.0,0.0,0.0,5991880.45
1.4818216415561896,0.0967210702038349,0.38818438912671593,0.0,1.0,0.0,0.0,0.0,0.0,0.0,0.0,1.0,0.0,1.0,0.0,0.0,1.0,6064886.07
0.2939886623528312,0.21501420855403283,0.44794528805895356,0.0,0.0,0.0,0.0,0.0,0.0,0.0,1.0,0.0,0.0,0.0,0.0,1.0,0.0,4868327.97
0.2939886623528312,0.149065207446515,1.6431632667037057,0.0,0.0,0.0,1.0,0.0,0.0,0.0,0.0,0.0,1.0,0.0,0.0,0.0,0.0,5448938.0
1.4818216415561896,-0.37068671037287104,1.4041196709747552,0.0,0.0,1.0,0.0,0.0,0.0,0.0,0.0,0.0,0.0,0.0,0.0,0.0,0.0,3249502.44
-0.893844316850527,-0.011887249801901789,-1.5839252756371252,0.0,0.0,0.0,0.0,0.0,1.0,0.0,0.0,1.0,0.0,0.0,0.0,0.0,0.0,2869492.51
-0.2999278272488479,-0.8447816274255149,-1.46440347777265,0.0,0.0,0.0,0.0,0.0,0.0,0.0,1.0,0.0,0.0,0.0,0.0,1.0,0.0,3414892.7
0.8879051519545104,0.2177812995095926,-0.687511791653561,0.0,1.0,0.0,0.0,0.0,0.0,0.0,0.0,0.0,0.0,0.0,0.0,0.0,0.0,6256380.96
0.8879051519545104,0.9628205392941702,-0.7472726905857986,0.0,0.0,0.0,0.0,1.0,0.0,0.0,0.0,0.0,0.0,1.0,0.0,0.0,0.0,8536325.01
-1.487760806452206,-0.11034956963725148,0.8662715805846168,0.0,0.0,0.0,0.0,0.0,0.0,1.0,0.0,0.0,0.0,1.0,0.0,0.0,1.0,6893650.12
-0.893844316850527,0.011402432407396149,-1.7034470735016003,0.0,0.0,0.0,0.0,0.0,1.0,0.0,0.0,0.0,0.0,1.0,1.0,0.0,0.0,6616417.62
-1.487760806452206,0.2761208004893201,-1.165598983111462,0.0,0.0,0.0,1.0,0.0,0.0,0.0,0.0,0.0,1.0,0.0,0.0,0.0,0.0,7439375.53
-1.487760806452206,0.5413003503971703,-1.4046425788404124,0.0,0.0,0.0,0.0,0.0,1.0,0.0,0.0,1.0,1.0,0.0,0.0,1.0,0.0,5875791.74
1.4818216415561896,1.541834321745137,-0.7472726905857986,0.0,0.0,1.0,0.0,0.0,0.0,0.0,0.0,0.0,0.0,1.0,1.0,0.0,1.0,7374355.21
1.4818216415561896,0.38911034784136056,0.9260324795168544,0.0,0.0,0.0,0.0,1.0,0.0,0.0,0.0,0.0,0.0,0.0,0.0,0.0,0.0,3795386.15
0.2939886623528312,-0.4772197121619379,0.686988883787904,0.0,0.0,1.0,0.0,0.0,0.0,0.0,0.0,0.0,0.0,0.0,1.0,0.0,0.0,3429868.35
0.2939886623528312,-0.08221747825572293,-0.388707296992373,0.0,0.0,0.0,0.0,0.0,1.0,0.0,0.0,1.0,0.0,0.0,0.0,0.0,0.0,3395819.24
-1.487760806452206,0.02385434170741715,-0.08990280233118493,0.0,0.0,0.0,0.0,1.0,0.0,0.0,0.0,1.0,0.0,1.0,1.0,1.0,0.0,5143679.47
0.2939886623528312,-1.6310966406305314,-0.687511791653561,0.0,0.0,0.0,0.0,1.0,0.0,0.0,0.0,1.0,1.0,1.0,0.0,1.0,0.0,2097756.75
-1.487760806452206,-1.649313322754636,1.6431632667037057,0.0,0.0,1.0,0.0,0.0,0.0,0.0,0.0,0.0,0.0,0.0,0.0,0.0,0.0,1532674.64
-1.487760806452206,2.5460577477005177,-0.030141903398947317,0.0,0.0,0.0,0.0,0.0,0.0,1.0,0.0,0.0,1.0,0.0,1.0,0.0,0.0,17859532.24
1.4818216415561896,-0.15208652488361726,-1.5241643767048876,0.0,0.0,0.0,0.0,1.0,0.0,0.0,0.0,0.0,1.0,0.0,1.0,1.0,0.0,4997328.9
1.4818216415561896,0.379656120409863,-1.165598983111462,0.0,0.0,0.0,0.0,0.0,0.0,0.0,1.0,1.0,1.0,1.0,0.0,0.0,0.0,5600827.61
0.2939886623528312,0.19702811734289127,-0.030141903398947317,0.0,0.0,0.0,0.0,0.0,1.0,0.0,0.0,0.0,0.0,1.0,1.0,0.0,1.0,4783307.83
0.2939886623528312,0.7098623077733774,1.3443587720425176,0.0,0.0,0.0,0.0,0.0,0.0,0.0,1.0,0.0,0.0,0.0,0.0,0.0,0.0,6442279.19
-0.2999278272488479,0.33676621059868045,-1.2253598820436995,0.0,0.0,0.0,0.0,0.0,1.0,0.0,0.0,0.0,0.0,1.0,0.0,0.0,0.0,5753533.23
-0.893844316850527,0.6957962620826134,1.5834023677714681,0.0,0.0,0.0,0.0,0.0,1.0,0.0,0.0,0.0,0.0,1.0,1.0,1.0,1.0,7017466.84
-0.2999278272488479,0.30794234647826196,0.26866259126224074,1.0,0.0,0.0,0.0,0.0,0.0,0.0,0.0,0.0,0.0,0.0,1.0,1.0,1.0,4634914.82
-1.487760806452206,-1.539321457271119,-1.165598983111462,0.0,0.0,0.0,1.0,0.0,0.0,0.0,0.0,1.0,0.0,0.0,0.0,1.0,0.0,2182132.5
-0.2999278272488479,0.6448356703177132,0.5674670859234288,0.0,1.0,0.0,0.0,0.0,0.0,0.0,0.0,0.0,0.0,0.0,1.0,0.0,0.0,7528799.9
-0.2999278272488479,0.2618241638855924,1.5236414688392306,0.0,0.0,0.0,0.0,0.0,1.0,0.0,0.0,0.0,0.0,0.0,0.0,0.0,0.0,3601159.37
0.2939886623528312,2.085106512686785,0.686988883787904,0.0,0.0,0.0,0.0,0.0,0.0,1.0,0.0,0.0,1.0,0.0,1.0,1.0,1.0,11180658.23
-1.487760806452206,-1.917259963618046,-0.20942460019566014,0.0,0.0,0.0,0.0,0.0,1.0,0.0,0.0,1.0,0.0,0.0,0.0,0.0,1.0,1197386.93
0.2939886623528312,0.25628998197447184,0.8065106816523792,0.0,0.0,1.0,0.0,0.0,0.0,0.0,0.0,0.0,0.0,0.0,0.0,0.0,1.0,3818222.63
0.8879051519545104,-2.0664522843053326,1.165076075245805,0.0,0.0,1.0,0.0,0.0,0.0,0.0,0.0,0.0,1.0,0.0,1.0,1.0,1.0,578760.65
0.2939886623528312,-0.5014317580230895,0.1491407933977655,0.0,0.0,0.0,0.0,1.0,0.0,0.0,0.0,0.0,0.0,0.0,0.0,1.0,0.0,3512943.61
1.4818216415561896,-0.7472416712420185,-0.9265553873825114,1.0,0.0,0.0,0.0,0.0,0.0,0.0,0.0,0.0,0.0,1.0,0.0,0.0,0.0,4003726.73
1.4818216415561896,-0.06377020521865509,-0.20942460019566014,0.0,0.0,0.0,0.0,1.0,0.0,0.0,0.0,0.0,0.0,0.0,0.0,0.0,0.0,4169037.5
1.4818216415561896,0.6646664888325614,-0.32894639806013537,0.0,0.0,0.0,0.0,0.0,1.0,0.0,0.0,0.0,1.0,1.0,0.0,1.0,1.0,4525930.58
0.2939886623528312,-0.6884409884363647,-0.5082290948568482,0.0,0.0,0.0,0.0,0.0,1.0,0.0,0.0,1.0,1.0,0.0,1.0,0.0,0.0,3274673.23
0.2939886623528312,0.8664335376754909,-0.5679899937890858,0.0,0.0,0.0,0.0,0.0,0.0,1.0,0.0,0.0,1.0,0.0,0.0,0.0,0.0,10450423.83
1.4818216415561896,-0.8180330815217665,-0.44846819592461057,1.0,0.0,0.0,0.0,0.0,0.0,0.0,0.0,0.0,0.0,1.0,0.0,0.0,0.0,2408591.1
-0.2999278272488479,-1.733479005986258,-0.030141903398947317,0.0,0.0,0.0,1.0,0.0,0.0,0.0,0.0,1.0,1.0,1.0,0.0,0.0,1.0,2020296.73
-1.487760806452206,1.9412177829976556,-0.6277508927213235,0.0,0.0,1.0,0.0,0.0,0.0,0.0,0.0,1.0,1.0,0.0,0.0,0.0,1.0,7575483.59
0.8879051519545104,-2.0664522843053326,0.7467497827201416,0.0,0.0,0.0,0.0,0.0,0.0,0.0,1.0,0.0,1.0,0.0,0.0,1.0,0.0,814195.45
-0.2999278272488479,0.38565148414691036,-0.8667944884502738,0.0,0.0,0.0,0.0,1.0,0.0,0.0,0.0,1.0,0.0,1.0,1.0,1.0,0.0,4479819.05
-1.487760806452206,-1.8227176893030734,-0.14966370126342254,0.0,0.0,0.0,0.0,1.0,0.0,0.0,0.0,0.0,1.0,0.0,1.0,0.0,0.0,1302821.39
-0.893844316850527,0.14445338918724804,1.463880569906993,1.0,0.0,0.0,0.0,0.0,0.0,0.0,0.0,1.0,1.0,1.0,1.0,0.0,0.0,4297796.97
0.8879051519545104,0.16174770765949914,-1.6436861745693627,0.0,0.0,0.0,0.0,1.0,0.0,0.0,0.0,1.0,1.0,0.0,0.0,0.0,0.0,5695957.86
1.4818216415561896,0.914857629397794,1.3443587720425176,0.0,0.0,1.0,0.0,0.0,0.0,0.0,0.0,1.0,0.0,0.0,0.0,0.0,1.0,5898148.66
0.2939886623528312,-0.6556970787955695,-1.6436861745693627,0.0,0.0,1.0,0.0,0.0,0.0,0.0,0.0,0.0,1.0,0.0,1.0,1.0,1.0,3322360.54
0.8879051519545104,0.011402432407396149,-0.08990280233118493,0.0,0.0,0.0,0.0,0.0,1.0,0.0,0.0,0.0,0.0,0.0,1.0,1.0,0.0,4052690.49
-0.893844316850527,0.8484474464643493,-1.0460771852469868,0.0,1.0,0.0,0.0,0.0,0.0,0.0,0.0,0.0,0.0,0.0,0.0,0.0,0.0,8077027.86
-0.893844316850527,-2.0664522843053326,0.26866259126224074,0.0,0.0,0.0,0.0,0.0,0.0,0.0,1.0,1.0,1.0,1.0,0.0,1.0,0.0,692913.62
0.2939886623528312,-0.16799729787808848,0.02961899553329029,0.0,0.0,0.0,0.0,1.0,0.0,0.0,0.0,0.0,0.0,0.0,0.0,0.0,0.0,3560365.75
-0.893844316850527,-0.9407074472182674,-1.5241643767048876,0.0,0.0,0.0,0.0,0.0,1.0,0.0,0.0,0.0,0.0,0.0,0.0,0.0,0.0,3110574.0
0.2939886623528312,0.010941250581469872,0.26866259126224074,0.0,0.0,1.0,0.0,0.0,0.0,0.0,0.0,1.0,1.0,0.0,1.0,0.0,0.0,4424318.08
-1.487760806452206,-0.49658934885085937,0.2089016923300031,1.0,0.0,0.0,0.0,0.0,0.0,0.0,0.0,1.0,0.0,1.0,1.0,0.0,1.0,3354949.43
-1.487760806452206,0.3538299381579679,-1.0460771852469868,0.0,1.0,0.0,0.0,0.0,0.0,0.0,0.0,0.0,0.0,0.0,0.0,0.0,0.0,8257863.56
-0.893844316850527,-2.0664522843053326,-0.20942460019566014,0.0,0.0,0.0,0.0,0.0,1.0,0.0,0.0,0.0,0.0,0.0,0.0,0.0,0.0,1086533.7
-0.2999278272488479,0.34183921068387424,-0.32894639806013537,0.0,0.0,0.0,0.0,0.0,1.0,0.0,0.0,0.0,0.0,0.0,0.0,0.0,0.0,4090589.1
-0.893844316850527,0.11470716141497647,-1.0460771852469868,1.0,0.0,0.0,0.0,0.0,0.0,0.0,0.0,0.0,0.0,1.0,0.0,1.0,1.0,4512593.63
1.4818216415561896,-1.317262408087415,-0.388707296992373,0.0,0.0,0.0,0.0,0.0,0.0,0.0,1.0,0.0,0.0,0.0,0.0,0.0,1.0,2215767.35
1.4818216415561896,-1.6398590953231387,-0.030141903398947317,0.0,0.0,0.0,0.0,0.0,0.0,1.0,0.0,1.0,1.0,0.0,1.0,1.0,0.0,2298149.23
0.8879051519545104,-1.279676089274389,-0.5082290948568482,0.0,0.0,0.0,0.0,0.0,0.0,0.0,1.0,0.0,1.0,1.0,0.0,1.0,1.0,2753492.79
0.8879051519545104,-1.0506993127017845,0.0893798944655279,0.0,0.0,0.0,0.0,1.0,0.0,0.0,0.0,0.0,1.0,1.0,0.0,0.0,0.0,2532171.22
-0.893844316850527,0.011402432407396149,-0.5679899937890858,0.0,0.0,0.0,0.0,0.0,0.0,1.0,0.0,0.0,1.0,0.0,0.0,1.0,1.0,7646563.73
0.2939886623528312,-0.7691478079735365,0.8065106816523792,0.0,0.0,0.0,0.0,0.0,1.0,0.0,0.0,0.0,0.0,0.0,0.0,0.0,0.0,2494433.3
-1.487760806452206,0.12439197975943667,0.02961899553329029,0.0,0.0,0.0,0.0,0.0,0.0,0.0,1.0,0.0,1.0,1.0,0.0,1.0,1.0,5959422.43
-1.487760806452206,-0.4645372119489538,-0.5679899937890858,0.0,0.0,0.0,0.0,1.0,0.0,0.0,0.0,0.0,1.0,1.0,1.0,0.0,0.0,4555649.31
1.4818216415561896,-1.7648393701492733,-0.6277508927213235,1.0,0.0,0.0,0.0,0.0,0.0,0.0,0.0,1.0,0.0,1.0,0.0,0.0,1.0,1148880.39
-0.893844316850527,0.8274636733846849,-0.9265553873825114,0.0,0.0,0.0,0.0,0.0,1.0,0.0,0.0,1.0,0.0,0.0,1.0,0.0,1.0,6041496.86
1.4818216415561896,-0.6305626692825643,0.32842349019447836,0.0,0.0,0.0,0.0,0.0,1.0,0.0,0.0,1.0,0.0,0.0,0.0,0.0,0.0,2603925.42
0.2939886623528312,0.30655880100048155,0.1491407933977655,0.0,0.0,0.0,0.0,0.0,0.0,1.0,0.0,0.0,0.0,0.0,0.0,0.0,0.0,7677401.56
-1.487760806452206,-1.4025810458838535,1.28459787311028,1.0,0.0,0.0,0.0,0.0,0.0,0.0,0.0,0.0,0.0,0.0,0.0,1.0,0.0,1905888.25
0.2939886623528312,-1.3421662266874563,1.5834023677714681,0.0,0.0,0.0,0.0,0.0,0.0,1.0,0.0,1.0,1.0,1.0,1.0,0.0,0.0,3658468.78
0.2939886623528312,0.4997939860637676,-1.0460771852469868,1.0,0.0,0.0,0.0,0.0,0.0,0.0,0.0,0.0,0.0,0.0,0.0,0.0,0.0,5294605.84
0.2939886623528312,1.6589745055305176,0.5077061869911912,0.0,0.0,0.0,0.0,0.0,0.0,1.0,0.0,1.0,0.0,1.0,0.0,0.0,0.0,11456015.3
-0.893844316850527,-1.791126734227095,1.3443587720425176,0.0,0.0,0.0,0.0,1.0,0.0,0.0,0.0,0.0,0.0,0.0,0.0,0.0,0.0,1048612.22
-1.487760806452206,1.0728124047776875,0.1491407933977655,0.0,0.0,0.0,0.0,0.0,1.0,0.0,0.0,0.0,0.0,0.0,0.0,0.0,0.0,3600772.55
0.2939886623528312,0.2961822099171309,1.1053151763135673,0.0,0.0,0.0,0.0,0.0,1.0,0.0,0.0,0.0,0.0,0.0,0.0,0.0,1.0,4537736.31
0.2939886623528312,0.09464575198716509,1.7029241656359433,0.0,0.0,0.0,0.0,1.0,0.0,0.0,0.0,1.0,1.0,0.0,0.0,0.0,1.0,4953144.4
1.4818216415561896,-1.1367097232371133,-1.285120780975937,0.0,1.0,0.0,0.0,0.0,0.0,0.0,0.0,0.0,1.0,1.0,0.0,0.0,0.0,4856576.07
1.4818216415561896,0.42808021213216607,-0.9863162863147491,0.0,0.0,1.0,0.0,0.0,0.0,0.0,0.0,0.0,1.0,1.0,1.0,0.0,1.0,4158668.77
-0.893844316850527,-1.2208754064687353,0.8065106816523792,0.0,0.0,1.0,0.0,0.0,0.0,0.0,0.0,0.0,0.0,0.0,0.0,0.0,0.0,2594636.3
1.4818216415561896,0.2961822099171309,-0.8070335895180363,0.0,0.0,0.0,0.0,0.0,0.0,1.0,0.0,0.0,0.0,1.0,0.0,1.0,0.0,7567233.55
0.2939886623528312,-0.6762196700493074,0.1491407933977655,0.0,0.0,0.0,0.0,0.0,0.0,0.0,1.0,1.0,1.0,1.0,1.0,0.0,0.0,3460692.54
0.8879051519545104,-0.7700701716253898,1.7626850645681809,0.0,1.0,0.0,0.0,0.0,0.0,0.0,0.0,0.0,0.0,0.0,0.0,0.0,0.0,3725166.69
0.2939886623528312,-2.0664522843053326,-0.5082290948568482,0.0,0.0,1.0,0.0,0.0,0.0,0.0,0.0,1.0,0.0,0.0,1.0,0.0,0.0,1059099.51
0.8879051519545104,0.7661264905364346,-0.44846819592461057,0.0,0.0,0.0,0.0,0.0,0.0,1.0,0.0,0.0,1.0,0.0,0.0,0.0,0.0,8628565.82
0.8879051519545104,-0.047859432224183866,1.4041196709747552,0.0,0.0,0.0,1.0,0.0,0.0,0.0,0.0,0.0,1.0,0.0,0.0,1.0,0.0,6631343.85
0.2939886623528312,0.928923675088558,-1.46440347777265,1.0,0.0,0.0,0.0,0.0,0.0,0.0,0.0,0.0,0.0,0.0,0.0,0.0,0.0,4941537.84
0.2939886623528312,-0.4421698933915092,-0.030141903398947317,1.0,0.0,0.0,0.0,0.0,0.0,0.0,0.0,0.0,0.0,1.0,1.0,1.0,1.0,2409161.55
0.2939886623528312,0.1269284798020338,1.28459787311028,0.0,0.0,1.0,0.0,0.0,0.0,0.0,0.0,0.0,1.0,0.0,0.0,0.0,0.0,3968037.1
-0.893844316850527,-0.999277539110958,0.686988883787904,0.0,0.0,0.0,0.0,0.0,0.0,1.0,0.0,0.0,0.0,0.0,1.0,0.0,0.0,3782555.96
-1.487760806452206,-0.21734375325224464,0.44794528805895356,0.0,0.0,0.0,0.0,1.0,0.0,0.0,0.0,0.0,0.0,0.0,0.0,0.0,0.0,4665985.9
-1.487760806452206,0.011402432407396149,-0.7472726905857986,0.0,0.0,0.0,1.0,0.0,0.0,0.0,0.0,0.0,0.0,1.0,0.0,0.0,1.0,7175662.29
0.8879051519545104,-1.2958174531818232,-1.7034470735016003,0.0,0.0,0.0,1.0,0.0,0.0,0.0,0.0,1.0,1.0,0.0,0.0,1.0,1.0,4691182.23
0.8879051519545104,0.9715829939867774,-1.5839252756371252,1.0,0.0,0.0,0.0,0.0,0.0,0.0,0.0,1.0,0.0,0.0,0.0,1.0,0.0,4952462.35
-0.893844316850527,0.03307797822595107,0.32842349019447836,1.0,0.0,0.0,0.0,0.0,0.0,0.0,0.0,0.0,1.0,1.0,1.0,0.0,1.0,3685000.98
0.2939886623528312,-0.18044920717810897,-1.285120780975937,0.0,1.0,0.0,0.0,0.0,0.0,0.0,0.0,0.0,0.0,1.0,0.0,0.0,1.0,5587036.46
-0.893844316850527,1.6592050964434812,0.7467497827201416,0.0,0.0,1.0,0.0,0.0,0.0,0.0,0.0,1.0,0.0,1.0,0.0,0.0,1.0,5384425.82
-0.2999278272488479,0.6914150347363096,1.28459787311028,0.0,0.0,0.0,0.0,1.0,0.0,0.0,0.0,0.0,0.0,0.0,0.0,0.0,0.0,7152583.28
-0.893844316850527,-1.1998916333890708,-1.4046425788404124,0.0,0.0,0.0,0.0,0.0,0.0,1.0,0.0,0.0,1.0,0.0,0.0,1.0,0.0,3846135.6
0.2939886623528312,-0.7716843080161334,0.0893798944655279,0.0,0.0,0.0,0.0,0.0,0.0,0.0,1.0,0.0,0.0,0.0,0.0,0.0,0.0,3221776.67
-1.487760806452206,1.066355859214713,-1.0460771852469868,0.0,0.0,0.0,1.0,0.0,0.0,0.0,0.0,0.0,1.0,0.0,0.0,0.0,1.0,10085517.79
-0.2999278272488479,1.0462944497869024,-0.030141903398947317,0.0,0.0,0.0,0.0,0.0,1.0,0.0,0.0,0.0,0.0,1.0,0.0,0.0,1.0,4753364.6
-0.2999278272488479,-1.0131129938887589,0.686988883787904,1.0,0.0,0.0,0.0,0.0,0.0,0.0,0.0,1.0,1.0,1.0,0.0,1.0,0.0,1983663.99
0.2939886623528312,1.2674311353187528,-1.3448816799081746,0.0,0.0,1.0,0.0,0.0,0.0,0.0,0.0,0.0,0.0,1.0,0.0,0.0,0.0,9486231.15
-0.893844316850527,-0.7629218533235262,0.9857933784490921,0.0,0.0,0.0,1.0,0.0,0.0,0.0,0.0,0.0,0.0,1.0,0.0,0.0,0.0,3974815.13
0.2939886623528312,-1.5125729113673705,0.44794528805895356,0.0,0.0,0.0,0.0,0.0,1.0,0.0,0.0,0.0,0.0,0.0,1.0,1.0,0.0,1366257.23
0.2939886623528312,1.1742724064815604,0.8662715805846168,0.0,0.0,0.0,0.0,0.0,0.0,1.0,0.0,1.0,0.0,1.0,0.0,0.0,0.0,9862302.41
-0.2999278272488479,0.011402432407396149,-1.5839252756371252,1.0,0.0,0.0,0.0,0.0,0.0,0.0,0.0,0.0,1.0,0.0,0.0,0.0,0.0,1245592.62
-0.2999278272488479,0.5721995327342586,-0.9265553873825114,1.0,0.0,0.0,0.0,0.0,0.0,0.0,0.0,1.0,1.0,1.0,0.0,0.0,1.0,4382005.55
0.2939886623528312,0.9662794029886205,-1.2253598820436995,1.0,0.0,0.0,0.0,0.0,0.0,0.0,0.0,0.0,0.0,0.0,0.0,0.0,0.0,4793154.89
1.4818216415561896,-0.4550829845174567,1.2248369741780425,0.0,1.0,0.0,0.0,0.0,0.0,0.0,0.0,0.0,0.0,0.0,0.0,0.0,0.0,3924066.0
0.2939886623528312,0.011402432407396149,-1.46440347777265,0.0,0.0,1.0,0.0,0.0,0.0,0.0,0.0,0.0,0.0,0.0,1.0,0.0,0.0,5537035.4
-1.487760806452206,0.6881867619548225,-0.9265553873825114,0.0,0.0,1.0,0.0,0.0,0.0,0.0,0.0,0.0,0.0,1.0,0.0,1.0,0.0,6121131.46
0.8879051519545104,-0.4638454392100638,0.38818438912671593,0.0,0.0,0.0,0.0,0.0,0.0,1.0,0.0,1.0,0.0,0.0,0.0,0.0,0.0,6873683.61
-0.893844316850527,0.41793421196177905,-1.2253598820436995,1.0,0.0,0.0,0.0,0.0,0.0,0.0,0.0,0.0,0.0,0.0,0.0,0.0,0.0,5157752.52
0.8879051519545104,-1.0624594492629154,0.7467497827201416,0.0,0.0,0.0,1.0,0.0,0.0,0.0,0.0,0.0,1.0,0.0,1.0,0.0,1.0,4420930.84
-0.893844316850527,-0.14078757014841353,0.9260324795168544,0.0,0.0,0.0,0.0,0.0,0.0,0.0,1.0,0.0,0.0,0.0,1.0,1.0,0.0,5159213.41
1.4818216415561896,-0.1945152528688735,1.8224459635004187,0.0,0.0,0.0,0.0,0.0,0.0,1.0,0.0,1.0,0.0,0.0,1.0,1.0,1.0,7340189.54
0.8879051519545104,-0.2291038898133757,-0.08990280233118493,0.0,0.0,1.0,0.0,0.0,0.0,0.0,0.0,0.0,0.0,0.0,0.0,0.0,0.0,4179107.35
-1.487760806452206,0.1961057536910382,0.5077061869911912,0.0,1.0,0.0,0.0,0.0,0.0,0.0,0.0,1.0,1.0,1.0,0.0,1.0,0.0,6865745.34
-1.487760806452206,0.32477548312458626,0.5674670859234288,0.0,0.0,0.0,0.0,0.0,0.0,1.0,0.0,0.0,0.0,1.0,1.0,1.0,1.0,9183165.33
-1.487760806452206,-1.9843619192903805,-1.165598983111462,0.0,1.0,0.0,0.0,0.0,0.0,0.0,0.0,0.0,0.0,0.0,0.0,0.0,0.0,1491574.49
1.4818216415561896,-0.014193158931535268,1.1053151763135673,0.0,0.0,0.0,0.0,1.0,0.0,0.0,0.0,0.0,1.0,1.0,1.0,1.0,0.0,5300002.2
0.8879051519545104,0.011402432407396149,-1.46440347777265,0.0,0.0,0.0,0.0,0.0,0.0,0.0,1.0,1.0,1.0,0.0,0.0,1.0,1.0,6985111.0
1.4818216415561896,-0.7115000797326996,0.44794528805895356,0.0,0.0,0.0,0.0,1.0,0.0,0.0,0.0,0.0,0.0,1.0,0.0,1.0,1.0,3286378.23
0.8879051519545104,1.5263847305765925,0.9857933784490921,0.0,1.0,0.0,0.0,0.0,0.0,0.0,0.0,0.0,0.0,0.0,0.0,0.0,0.0,7972459.26
1.4818216415561896,-0.5240296674934978,0.5674670859234288,0.0,1.0,0.0,0.0,0.0,0.0,0.0,0.0,0.0,0.0,0.0,0.0,1.0,0.0,4190547.71
0.8879051519545104,-0.7818303081865207,-0.388707296992373,0.0,0.0,0.0,0.0,0.0,1.0,0.0,0.0,1.0,0.0,0.0,1.0,1.0,1.0,2421473.57
-1.487760806452206,-1.9799806919440768,0.02961899553329029,0.0,0.0,0.0,0.0,0.0,0.0,0.0,1.0,0.0,0.0,0.0,0.0,0.0,0.0,1579713.79
1.4818216415561896,-0.8157271723921329,-1.5241643767048876,0.0,0.0,0.0,0.0,0.0,0.0,0.0,1.0,0.0,0.0,0.0,0.0,0.0,0.0,4630806.57
0.2939886623528312,1.3216199998651394,-0.26918549912789774,0.0,0.0,1.0,0.0,0.0,0.0,0.0,0.0,0.0,0.0,0.0,1.0,1.0,0.0,6299658.65
-0.2999278272488479,2.0170821933625973,-1.5241643767048876,0.0,0.0,0.0,1.0,0.0,0.0,0.0,0.0,0.0,1.0,1.0,1.0,0.0,0.0,10808716.22
-0.893844316850527,-0.5535453043528061,-1.5839252756371252,0.0,1.0,0.0,0.0,0.0,0.0,0.0,0.0,0.0,1.0,1.0,1.0,0.0,1.0,6829058.59
-1.487760806452206,0.4320002576525431,-1.3448816799081746,0.0,0.0,0.0,0.0,1.0,0.0,0.0,0.0,0.0,0.0,1.0,1.0,1.0,1.0,5176673.56
1.4818216415561896,-0.3693031648950912,0.26866259126224074,0.0,0.0,1.0,0.0,0.0,0.0,0.0,0.0,1.0,0.0,0.0,0.0,0.0,0.0,3799868.79
0.8879051519545104,1.6379907324508531,1.5236414688392306,1.0,0.0,0.0,0.0,0.0,0.0,0.0,0.0,0.0,0.0,0.0,0.0,0.0,0.0,6002698.24
-1.487760806452206,0.5288484410971492,-1.0460771852469868,0.0,0.0,1.0,0.0,0.0,0.0,0.0,0.0,0.0,1.0,1.0,0.0,0.0,0.0,5216664.4
0.2939886623528312,-0.7444745802864584,-1.2253598820436995,0.0,0.0,0.0,1.0,0.0,0.0,0.0,0.0,1.0,0.0,1.0,0.0,1.0,1.0,5633326.28
-0.893844316850527,-0.711730670645663,0.38818438912671593,0.0,0.0,0.0,0.0,0.0,0.0,0.0,1.0,0.0,0.0,0.0,0.0,1.0,0.0,4289257.66
0.2939886623528312,-1.440628546522806,-0.5082290948568482,1.0,0.0,0.0,0.0,0.0,0.0,0.0,0.0,1.0,1.0,0.0,0.0,0.0,1.0,1855152.96
0.8879051519545104,0.901713947358883,0.9857933784490921,0.0,0.0,0.0,1.0,0.0,0.0,0.0,0.0,0.0,0.0,0.0,0.0,0.0,0.0,7570459.05
0.2939886623528312,-0.4191108020951744,1.463880569906993,1.0,0.0,0.0,0.0,0.0,0.0,0.0,0.0,0.0,1.0,1.0,0.0,1.0,1.0,3013256.88
-1.487760806452206,-0.7174954434697466,-0.030141903398947317,0.0,0.0,0.0,0.0,0.0,1.0,0.0,0.0,0.0,1.0,1.0,1.0,0.0,1.0,3272621.34
1.4818216415561896,-0.9121141740108123,-0.6277508927213235,0.0,0.0,0.0,0.0,0.0,1.0,0.0,0.0,1.0,0.0,0.0,1.0,1.0,1.0,2974543.68
0.8879051519545104,-1.6091905038990133,-1.285120780975937,0.0,1.0,0.0,0.0,0.0,0.0,0.0,0.0,0.0,0.0,0.0,0.0,0.0,0.0,2075172.87
-1.487760806452206,0.011402432407396149,-0.030141903398947317,0.0,0.0,0.0,0.0,1.0,0.0,0.0,0.0,0.0,0.0,1.0,0.0,1.0,1.0,4698481.08
-1.487760806452206,1.3485991366818513,-1.165598983111462,0.0,1.0,0.0,0.0,0.0,0.0,0.0,0.0,1.0,1.0,0.0,1.0,0.0,1.0,9787801.76
0.2939886623528312,1.8139315990418874,-0.030141903398947317,0.0,0.0,0.0,0.0,0.0,0.0,0.0,1.0,1.0,1.0,1.0,0.0,0.0,1.0,6046405.52
0.2939886623528312,-1.4415509101746593,0.2089016923300031,0.0,0.0,0.0,0.0,0.0,0.0,0.0,1.0,0.0,1.0,1.0,1.0,0.0,1.0,1842638.38
-0.2999278272488479,-0.7481640348938718,1.4041196709747552,0.0,0.0,0.0,0.0,0.0,0.0,0.0,1.0,0.0,1.0,1.0,1.0,0.0,1.0,3156800.54
-0.2999278272488479,-0.8009693539624787,0.02961899553329029,0.0,0.0,0.0,0.0,1.0,0.0,0.0,0.0,0.0,1.0,0.0,0.0,0.0,0.0,4455286.87
1.4818216415561896,-0.9001234465367184,1.1053151763135673,0.0,0.0,0.0,1.0,0.0,0.0,0.0,0.0,1.0,0.0,1.0,0.0,1.0,0.0,3992408.67
0.2939886623528312,1.6474449598823502,-1.1058380841792244,1.0,0.0,0.0,0.0,0.0,0.0,0.0,0.0,0.0,0.0,1.0,0.0,1.0,0.0,6502886.31
-0.2999278272488479,2.8146961613028183,-0.08990280233118493,0.0,0.0,0.0,0.0,0.0,0.0,0.0,1.0,1.0,0.0,0.0,1.0,0.0,1.0,9693720.97
1.4818216415561896,0.1850373898687976,0.26866259126224074,0.0,0.0,0.0,0.0,0.0,0.0,1.0,0.0,0.0,1.0,0.0,0.0,0.0,0.0,6499598.68
0.2939886623528312,-1.8695276446346332,-1.5839252756371252,0.0,0.0,0.0,0.0,0.0,0.0,0.0,1.0,0.0,1.0,1.0,0.0,0.0,0.0,1504555.58
-1.487760806452206,-2.0175670107571024,1.6431632667037057,0.0,0.0,0.0,1.0,0.0,0.0,0.0,0.0,0.0,0.0,1.0,0.0,0.0,1.0,1180721.49
-0.893844316850527,-1.7749853703196605,-0.030141903398947317,0.0,0.0,0.0,0.0,1.0,0.0,0.0,0.0,0.0,0.0,0.0,0.0,0.0,0.0,1192833.19
1.4818216415561896,1.026463631272054,0.6272279848556663,0.0,0.0,0.0,0.0,0.0,0.0,1.0,0.0,1.0,1.0,1.0,0.0,0.0,1.0,8594456.57
0.8879051519545104,-1.150545178014914,-0.6277508927213235,0.0,0.0,0.0,0.0,0.0,0.0,0.0,1.0,0.0,0.0,0.0,0.0,0.0,1.0,2921060.19
0.2939886623528312,-1.61103523120272,1.165076075245805,0.0,1.0,0.0,0.0,0.0,0.0,0.0,0.0,0.0,0.0,0.0,0.0,0.0,0.0,1710331.46
0.2939886623528312,-0.09766706942426734,1.5834023677714681,0.0,0.0,0.0,1.0,0.0,0.0,0.0,0.0,0.0,0.0,0.0,0.0,0.0,0.0,6274278.5
-0.893844316850527,-0.8214919452162166,1.8224459635004187,0.0,0.0,0.0,0.0,0.0,0.0,1.0,0.0,0.0,0.0,0.0,1.0,1.0,0.0,5668703.23
-1.487760806452206,0.011402432407396149,-0.6277508927213235,0.0,0.0,0.0,1.0,0.0,0.0,0.0,0.0,1.0,0.0,1.0,0.0,0.0,1.0,7637081.53
1.4818216415561896,2.27695815227229,-0.20942460019566014,0.0,0.0,0.0,0.0,1.0,0.0,0.0,0.0,0.0,1.0,0.0,0.0,0.0,0.0,9578847.61
0.2939886623528312,-0.2715326177986314,-1.7034470735016003,0.0,1.0,0.0,0.0,0.0,0.0,0.0,0.0,0.0,0.0,1.0,1.0,0.0,0.0,5435552.46
-0.2999278272488479,-1.518337684191454,-0.687511791653561,0.0,0.0,0.0,0.0,0.0,0.0,1.0,0.0,1.0,1.0,0.0,0.0,1.0,1.0,3060510.37
-0.893844316850527,-1.0541581763962347,1.7626850645681809,1.0,0.0,0.0,0.0,0.0,0.0,0.0,0.0,0.0,0.0,0.0,0.0,0.0,0.0,2111863.88
0.2939886623528312,0.05014170578523903,1.0455542773813296,0.0,1.0,0.0,0.0,0.0,0.0,0.0,0.0,0.0,0.0,0.0,1.0,0.0,1.0,8453721.01
-0.893844316850527,1.1841878157389842,1.463880569906993,0.0,0.0,0.0,0.0,0.0,0.0,0.0,1.0,0.0,0.0,0.0,0.0,0.0,0.0,4840294.17
1.4818216415561896,0.3512934381153713,0.2089016923300031,0.0,0.0,0.0,0.0,0.0,1.0,0.0,0.0,0.0,1.0,0.0,1.0,0.0,1.0,4449405.32
-0.893844316850527,0.011402432407396149,0.32842349019447836,1.0,0.0,0.0,0.0,0.0,0.0,0.0,0.0,0.0,0.0,0.0,0.0,0.0,0.0,1808441.45
-0.2999278272488479,-0.13778988827988958,0.2089016923300031,0.0,0.0,0.0,0.0,0.0,0.0,0.0,1.0,0.0,0.0,0.0,0.0,0.0,0.0,4585194.31
0.8879051519545104,-0.9667642203831258,-0.8667944884502738,0.0,0.0,0.0,0.0,1.0,0.0,0.0,0.0,1.0,1.0,0.0,0.0,1.0,0.0,3103135.93
-1.487760806452206,-0.25539125389119705,-1.4046425788404124,0.0,0.0,0.0,0.0,1.0,0.0,0.0,0.0,0.0,1.0,0.0,1.0,1.0,0.0,5483557.1
1.4818216415561896,0.4151671210062188,0.2089016923300031,0.0,0.0,0.0,1.0,0.0,0.0,0.0,0.0,0.0,0.0,0.0,1.0,0.0,1.0,7351739.31
-1.487760806452206,0.23668975437258724,1.7626850645681809,0.0,0.0,0.0,1.0,0.0,0.0,0.0,0.0,0.0,0.0,0.0,0.0,0.0,0.0,6072629.55
-0.893844316850527,0.19287748090955112,0.6272279848556663,0.0,0.0,0.0,0.0,0.0,0.0,0.0,1.0,1.0,0.0,0.0,0.0,0.0,0.0,5351795.34
-0.893844316850527,1.1837266339130574,-0.6277508927213235,0.0,0.0,0.0,0.0,0.0,0.0,1.0,0.0,0.0,1.0,1.0,1.0,1.0,0.0,11041118.59
0.8879051519545104,-0.08313984190757653,-0.687511791653561,0.0,0.0,0.0,0.0,0.0,0.0,1.0,0.0,0.0,0.0,0.0,0.0,0.0,1.0,6735454.67
-0.893844316850527,0.3489875289857378,-1.285120780975937,0.0,0.0,0.0,0.0,0.0,0.0,0.0,1.0,1.0,1.0,0.0,1.0,1.0,0.0,7352674.27
-1.487760806452206,-0.23579102628931248,0.38818438912671593,0.0,0.0,1.0,0.0,0.0,0.0,0.0,0.0,0.0,1.0,0.0,1.0,1.0,0.0,3798839.05
0.2939886623528312,0.011402432407396149,-1.3448816799081746,0.0,0.0,0.0,0.0,0.0,0.0,0.0,1.0,0.0,1.0,0.0,1.0,1.0,1.0,7169086.92
-0.2999278272488479,0.8078634457828003,-0.14966370126342254,0.0,0.0,0.0,0.0,0.0,1.0,0.0,0.0,0.0,0.0,0.0,0.0,0.0,0.0,4202967.21
-1.487760806452206,-0.14055697923544985,0.8065106816523792,0.0,0.0,0.0,0.0,0.0,1.0,0.0,0.0,1.0,0.0,1.0,0.0,1.0,1.0,4143640.86
1.4818216415561896,0.7103234895993042,0.7467497827201416,0.0,0.0,0.0,0.0,1.0,0.0,0.0,0.0,0.0,0.0,0.0,0.0,0.0,0.0,4497811.78
1.4818216415561896,1.1341495876259378,-0.388707296992373,0.0,0.0,0.0,0.0,0.0,0.0,0.0,1.0,0.0,0.0,1.0,0.0,0.0,0.0,7078858.35
-0.2999278272488479,0.7186247624659845,0.0893798944655279,0.0,1.0,0.0,0.0,0.0,0.0,0.0,0.0,0.0,0.0,1.0,0.0,0.0,0.0,7302594.44
-0.893844316850527,0.011402432407396149,-0.030141903398947317,0.0,0.0,0.0,0.0,0.0,0.0,0.0,1.0,0.0,0.0,0.0,0.0,0.0,0.0,5655874.9
-1.487760806452206,0.6402238520584462,-1.0460771852469868,1.0,0.0,0.0,0.0,0.0,0.0,0.0,0.0,1.0,1.0,0.0,0.0,0.0,0.0,4928899.11
1.4818216415561896,1.4283835925671695,0.26866259126224074,1.0,0.0,0.0,0.0,0.0,0.0,0.0,0.0,1.0,0.0,1.0,0.0,1.0,0.0,5636842.48
-0.893844316850527,-1.3068858170040643,1.6431632667037057,0.0,0.0,0.0,0.0,0.0,1.0,0.0,0.0,0.0,1.0,0.0,1.0,0.0,1.0,1261562.08
1.4818216415561896,0.011402432407396149,-0.030141903398947317,0.0,0.0,0.0,0.0,1.0,0.0,0.0,0.0,1.0,0.0,1.0,0.0,1.0,0.0,6714550.3
0.8879051519545104,-0.5173425310175607,-1.1058380841792244,0.0,0.0,0.0,0.0,0.0,0.0,0.0,1.0,1.0,0.0,0.0,0.0,0.0,1.0,4292891.07
1.4818216415561896,-0.23671338994116609,0.26866259126224074,0.0,0.0,0.0,0.0,0.0,1.0,0.0,0.0,0.0,0.0,0.0,0.0,0.0,0.0,2999160.19
-0.2999278272488479,0.8590546284606637,1.2248369741780425,0.0,0.0,0.0,0.0,1.0,0.0,0.0,0.0,0.0,1.0,0.0,0.0,1.0,0.0,6901485.19
1.4818216415561896,0.5122458953637881,1.2248369741780425,0.0,0.0,0.0,0.0,0.0,1.0,0.0,0.0,0.0,0.0,0.0,0.0,0.0,0.0,3937918.43
-0.893844316850527,1.0815748594702945,-0.7472726905857986,0.0,0.0,0.0,0.0,0.0,0.0,1.0,0.0,0.0,0.0,0.0,1.0,0.0,0.0,9120455.8
-1.487760806452206,0.011402432407396149,-1.2253598820436995,0.0,0.0,0.0,0.0,0.0,0.0,0.0,1.0,0.0,0.0,0.0,0.0,0.0,1.0,6286153.69
1.4818216415561896,0.41424475735436517,-0.030141903398947317,1.0,0.0,0.0,0.0,0.0,0.0,0.0,0.0,1.0,0.0,0.0,1.0,0.0,0.0,4477135.26
0.2939886623528312,-1.6430873681046254,-1.2253598820436995,1.0,0.0,0.0,0.0,0.0,0.0,0.0,0.0,1.0,1.0,0.0,0.0,1.0,1.0,1697898.75
0.8879051519545104,-0.10366243316131418,0.9260324795168544,0.0,0.0,0.0,0.0,1.0,0.0,0.0,0.0,1.0,0.0,0.0,1.0,0.0,1.0,3954813.33
0.2939886623528312,0.2634383002763359,1.5834023677714681,1.0,0.0,0.0,0.0,0.0,0.0,0.0,0.0,0.0,0.0,0.0,0.0,0.0,0.0,3637529.74
0.8879051519545104,-0.5028153035008696,0.2089016923300031,0.0,1.0,0.0,0.0,0.0,0.0,0.0,0.0,0.0,0.0,0.0,0.0,0.0,0.0,4372193.38
0.2939886623528312,-0.8530829002921951,-0.5679899937890858,0.0,0.0,0.0,0.0,0.0,1.0,0.0,0.0,0.0,0.0,0.0,0.0,0.0,0.0,2695733.54
-0.893844316850527,0.8807301742792181,0.32842349019447836,1.0,0.0,0.0,0.0,0.0,0.0,0.0,0.0,1.0,0.0,1.0,1.0,0.0,0.0,5668577.58
-0.2999278272488479,-0.028259204622299285,1.2248369741780425,1.0,0.0,0.0,0.0,0.0,0.0,0.0,0.0,1.0,0.0,0.0,0.0,0.0,1.0,5063591.01
0.8879051519545104,-0.4497793935192996,-0.9863162863147491,0.0,0.0,0.0,0.0,0.0,0.0,1.0,0.0,0.0,0.0,0.0,0.0,0.0,1.0,5023789.16
1.4818216415561896,0.011402432407396149,-0.32894639806013537,0.0,1.0,0.0,0.0,0.0,0.0,0.0,0.0,0.0,1.0,0.0,0.0,1.0,0.0,5668670.17
0.8879051519545104,0.3579805745913086,0.26866259126224074,0.0,1.0,0.0,0.0,0.0,0.0,0.0,0.0,0.0,1.0,1.0,1.0,1.0,0.0,7084887.83
-0.893844316850527,-1.4664547287747007,-0.030141903398947317,0.0,0.0,1.0,0.0,0.0,0.0,0.0,0.0,0.0,0.0,0.0,1.0,0.0,1.0,1949501.39
-0.2999278272488479,1.6617415964860778,1.7029241656359433,0.0,1.0,0.0,0.0,0.0,0.0,0.0,0.0,0.0,1.0,1.0,1.0,0.0,0.0,13219755.19
-0.2999278272488479,-1.2536193161095308,-1.46440347777265,0.0,0.0,1.0,0.0,0.0,0.0,0.0,0.0,0.0,0.0,0.0,0.0,0.0,0.0,3235868.29
-0.893844316850527,-1.133250859542663,-0.8070335895180363,0.0,0.0,0.0,0.0,0.0,0.0,0.0,1.0,1.0,0.0,1.0,0.0,1.0,1.0,2617124.41
0.2939886623528312,0.579809032862049,-1.165598983111462,0.0,0.0,1.0,0.0,0.0,0.0,0.0,0.0,0.0,0.0,0.0,0.0,0.0,0.0,5712319.2
0.2939886623528312,0.10986475224274585,1.165076075245805,1.0,0.0,0.0,0.0,0.0,0.0,0.0,0.0,0.0,0.0,1.0,0.0,1.0,1.0,3884371.91
-1.487760806452206,1.0718900411258339,0.8662715805846168,0.0,0.0,0.0,0.0,1.0,0.0,0.0,0.0,0.0,0.0,0.0,1.0,1.0,1.0,7363371.65
1.4818216415561896,-1.0744501767370092,-1.3448816799081746,0.0,0.0,0.0,0.0,0.0,0.0,0.0,1.0,0.0,0.0,0.0,0.0,0.0,0.0,2220741.84
0.8879051519545104,0.6026375332454206,-0.14966370126342254,0.0,0.0,1.0,0.0,0.0,0.0,0.0,0.0,0.0,0.0,1.0,0.0,0.0,0.0,5234124.32
0.8879051519545104,1.5363001398340168,1.0455542773813296,1.0,0.0,0.0,0.0,0.0,0.0,0.0,0.0,0.0,0.0,0.0,1.0,1.0,0.0,6538277.02
0.8879051519545104,0.7935668091790726,0.02961899553329029,0.0,0.0,0.0,0.0,0.0,1.0,0.0,0.0,0.0,0.0,0.0,0.0,0.0,0.0,5279745.97
-0.2999278272488479,0.8657417649366005,-0.8070335895180363,0.0,0.0,0.0,1.0,0.0,0.0,0.0,0.0,1.0,1.0,1.0,1.0,0.0,0.0,7923772.19
0.2939886623528312,-0.5726843501287642,-0.44846819592461057,0.0,0.0,0.0,0.0,0.0,0.0,0.0,1.0,0.0,1.0,0.0,0.0,0.0,0.0,3333788.62
0.2939886623528312,1.0190847220572268,1.7029241656359433,0.0,1.0,0.0,0.0,0.0,0.0,0.0,0.0,0.0,1.0,0.0,1.0,1.0,0.0,6604929.19
0.8879051519545104,-0.4377886660452056,1.1053151763135673,0.0,0.0,0.0,0.0,0.0,0.0,1.0,0.0,1.0,0.0,0.0,0.0,0.0,0.0,5442019.72
0.2939886623528312,-0.020188522668582107,1.463880569906993,0.0,0.0,0.0,0.0,1.0,0.0,0.0,0.0,0.0,0.0,0.0,0.0,0.0,0.0,5170787.95
-0.893844316850527,1.7961760987437096,0.5077061869911912,1.0,0.0,0.0,0.0,0.0,0.0,0.0,0.0,0.0,0.0,0.0,0.0,0.0,0.0,7731951.62
-1.487760806452206,0.3190107103005026,-1.285120780975937,0.0,0.0,0.0,0.0,0.0,0.0,1.0,0.0,1.0,1.0,1.0,0.0,1.0,0.0,10679375.41
-0.893844316850527,0.29871870995972805,-0.8667944884502738,0.0,0.0,1.0,0.0,0.0,0.0,0.0,0.0,0.0,1.0,0.0,0.0,1.0,1.0,6294661.04
-0.2999278272488479,-0.7942822174865414,-0.44846819592461057,0.0,0.0,0.0,0.0,1.0,0.0,0.0,0.0,0.0,0.0,0.0,0.0,0.0,0.0,3631478.02
-0.2999278272488479,-0.2641537085838047,0.9857933784490921,0.0,1.0,0.0,0.0,0.0,0.0,0.0,0.0,0.0,0.0,0.0,0.0,0.0,1.0,5150617.15
0.8879051519545104,-1.622795367763851,0.8662715805846168,0.0,0.0,0.0,0.0,1.0,0.0,0.0,0.0,1.0,1.0,0.0,0.0,0.0,1.0,1867355.55
0.8879051519545104,-0.031026295577859568,0.5077061869911912,0.0,0.0,0.0,1.0,0.0,0.0,0.0,0.0,0.0,0.0,1.0,0.0,0.0,0.0,5736346.44
-0.893844316850527,0.06259361508525951,0.0893798944655279,1.0,0.0,0.0,0.0,0.0,0.0,0.0,0.0,1.0,1.0,0.0,0.0,1.0,1.0,5294097.99
1.4818216415561896,-0.38544452880252555,0.5674670859234288,0.0,0.0,0.0,0.0,0.0,1.0,0.0,0.0,0.0,0.0,0.0,1.0,0.0,1.0,3148020.95
0.2939886623528312,3.183641622044175,-0.9863162863147491,0.0,0.0,0.0,0.0,0.0,1.0,0.0,0.0,1.0,1.0,0.0,0.0,0.0,1.0,9102942.96
-1.487760806452206,0.8671253104143809,-0.9265553873825114,1.0,0.0,0.0,0.0,0.0,0.0,0.0,0.0,1.0,1.0,1.0,1.0,0.0,0.0,7535950.71
-1.487760806452206,0.18480679895583393,1.2248369741780425,0.0,0.0,0.0,1.0,0.0,0.0,0.0,0.0,0.0,1.0,1.0,1.0,1.0,0.0,5726500.41
-0.893844316850527,-0.7949739902254316,-0.5082290948568482,0.0,1.0,0.0,0.0,0.0,0.0,0.0,0.0,1.0,0.0,1.0,1.0,1.0,0.0,4543780.58
1.4818216415561896,0.5039446224971078,1.8224459635004187,0.0,0.0,1.0,0.0,0.0,0.0,0.0,0.0,0.0,0.0,0.0,0.0,1.0,1.0,5266374.56
-0.893844316850527,1.9142386461809437,1.7626850645681809,0.0,0.0,0.0,0.0,0.0,0.0,0.0,1.0,0.0,1.0,0.0,0.0,0.0,1.0,7551981.88
-0.2999278272488479,1.9679663289014038,1.1053151763135673,0.0,0.0,0.0,0.0,0.0,0.0,0.0,1.0,0.0,0.0,0.0,1.0,1.0,0.0,7957243.19
-0.2999278272488479,-0.9563876292997752,-1.7034470735016003,0.0,0.0,0.0,0.0,0.0,1.0,0.0,0.0,0.0,0.0,0.0,0.0,0.0,0.0,2273246.22
0.8879051519545104,-2.0664522843053326,-0.030141903398947317,0.0,0.0,0.0,0.0,0.0,0.0,1.0,0.0,0.0,1.0,1.0,1.0,1.0,0.0,1674266.39
-1.487760806452206,-2.0664522843053326,0.38818438912671593,1.0,0.0,0.0,0.0,0.0,0.0,0.0,0.0,1.0,0.0,0.0,0.0,0.0,0.0,864896.44
0.8879051519545104,0.325928437689403,-0.20942460019566014,0.0,0.0,0.0,0.0,0.0,1.0,0.0,0.0,0.0,1.0,1.0,1.0,0.0,1.0,4623268.77
0.2939886623528312,-0.9852114934201937,-0.687511791653561,0.0,0.0,1.0,0.0,0.0,0.0,0.0,0.0,0.0,0.0,0.0,0.0,0.0,0.0,3036502.29
-0.2999278272488479,1.4980220482821007,-0.030141903398947317,0.0,0.0,1.0,0.0,0.0,0.0,0.0,0.0,0.0,1.0,1.0,1.0,0.0,1.0,6513443.66
0.2939886623528312,0.48480557672115,0.2089016923300031,0.0,0.0,0.0,0.0,0.0,1.0,0.0,0.0,0.0,1.0,1.0,0.0,1.0,0.0,4931844.24
0.8879051519545104,-0.3693031648950912,-1.285120780975937,0.0,0.0,1.0,0.0,0.0,0.0,0.0,0.0,0.0,0.0,1.0,0.0,0.0,1.0,4765385.48
0.2939886623528312,0.547987486873107,0.8065106816523792,0.0,0.0,0.0,0.0,1.0,0.0,0.0,0.0,0.0,0.0,0.0,0.0,0.0,1.0,5013252.63
1.4818216415561896,-0.9367874016978907,1.28459787311028,1.0,0.0,0.0,0.0,0.0,0.0,0.0,0.0,0.0,1.0,0.0,0.0,1.0,0.0,2913224.75
-1.487760806452206,0.4642829854674118,0.9857933784490921,0.0,1.0,0.0,0.0,0.0,0.0,0.0,0.0,0.0,0.0,0.0,0.0,0.0,0.0,6030799.08
-1.487760806452206,0.28004084600969653,-0.030141903398947317,0.0,0.0,0.0,0.0,0.0,1.0,0.0,0.0,1.0,0.0,0.0,1.0,1.0,1.0,3620167.31
0.8879051519545104,0.06443834238896619,1.5834023677714681,0.0,0.0,0.0,0.0,0.0,1.0,0.0,0.0,0.0,0.0,1.0,0.0,0.0,0.0,3126882.13
-0.2999278272488479,2.298403107177882,0.44794528805895356,0.0,1.0,0.0,0.0,0.0,0.0,0.0,0.0,0.0,0.0,0.0,0.0,0.0,0.0,9096212.31
-0.2999278272488479,-0.16707493422623487,-1.1058380841792244,0.0,0.0,0.0,0.0,0.0,0.0,1.0,0.0,0.0,1.0,0.0,0.0,1.0,1.0,8683566.8
-0.2999278272488479,0.11355420685015973,-0.8667944884502738,0.0,0.0,1.0,0.0,0.0,0.0,0.0,0.0,0.0,0.0,0.0,0.0,0.0,0.0,5363246.23
-1.487760806452206,-1.0114988574980153,1.4041196709747552,0.0,0.0,0.0,0.0,0.0,0.0,0.0,1.0,0.0,0.0,0.0,0.0,0.0,0.0,2841691.38
-0.893844316850527,0.41055530274695184,-0.9265553873825114,1.0,0.0,0.0,0.0,0.0,0.0,0.0,0.0,0.0,1.0,0.0,0.0,0.0,0.0,4660100.19
1.4818216415561896,0.11747425237053623,0.38818438912671593,0.0,0.0,0.0,0.0,0.0,1.0,0.0,0.0,0.0,1.0,1.0,1.0,1.0,0.0,3157095.1
-0.2999278272488479,-1.0610759037851352,-0.030141903398947317,0.0,0.0,1.0,0.0,0.0,0.0,0.0,0.0,0.0,1.0,1.0,0.0,1.0,1.0,2265669.43
1.4818216415561896,0.24153216354481785,-1.0460771852469868,0.0,0.0,0.0,0.0,0.0,0.0,1.0,0.0,0.0,0.0,0.0,0.0,0.0,1.0,7968974.0
-1.487760806452206,0.8180094459531878,-0.5082290948568482,0.0,0.0,0.0,1.0,0.0,0.0,0.0,0.0,1.0,1.0,0.0,0.0,0.0,0.0,6210926.83
0.8879051519545104,1.8858759638864522,-0.687511791653561,1.0,0.0,0.0,0.0,0.0,0.0,0.0,0.0,1.0,0.0,1.0,0.0,0.0,1.0,6656203.2
1.4818216415561896,1.0246189039683473,-1.1058380841792244,0.0,0.0,1.0,0.0,0.0,0.0,0.0,0.0,0.0,0.0,0.0,0.0,0.0,1.0,6510921.81
1.4818216415561896,0.14560634375206477,1.4041196709747552,0.0,0.0,0.0,1.0,0.0,0.0,0.0,0.0,0.0,0.0,0.0,0.0,0.0,0.0,5200591.95
-1.487760806452206,0.8862643561903386,0.32842349019447836,1.0,0.0,0.0,0.0,0.0,0.0,0.0,0.0,1.0,1.0,1.0,0.0,0.0,0.0,4944830.42
-0.2999278272488479,-0.8902080372792942,1.4041196709747552,0.0,0.0,1.0,0.0,0.0,0.0,0.0,0.0,0.0,0.0,0.0,1.0,1.0,1.0,2972818.23
1.4818216415561896,0.26874189127449283,-0.9863162863147491,1.0,0.0,0.0,0.0,0.0,0.0,0.0,0.0,0.0,1.0,0.0,0.0,0.0,0.0,4272372.8
-1.487760806452206,0.28718916431156066,-0.20942460019566014,0.0,1.0,0.0,0.0,0.0,0.0,0.0,0.0,0.0,1.0,0.0,1.0,1.0,1.0,8643971.62
-1.487760806452206,0.5449898050045836,1.463880569906993,0.0,0.0,0.0,0.0,1.0,0.0,0.0,0.0,0.0,1.0,0.0,1.0,0.0,0.0,6672538.94
0.8879051519545104,-0.8855962190200273,0.9260324795168544,0.0,0.0,0.0,0.0,0.0,0.0,0.0,1.0,0.0,0.0,1.0,1.0,0.0,1.0,3138759.27
-0.893844316850527,-0.1622325250540048,-0.7472726905857986,0.0,1.0,0.0,0.0,0.0,0.0,0.0,0.0,0.0,1.0,0.0,0.0,0.0,1.0,6649421.51
0.8879051519545104,0.46935598555260555,-0.8667944884502738,0.0,0.0,1.0,0.0,0.0,0.0,0.0,0.0,0.0,0.0,0.0,0.0,0.0,0.0,5172865.96
-0.2999278272488479,-0.6792173519178308,-0.030141903398947317,1.0,0.0,0.0,0.0,0.0,0.0,0.0,0.0,0.0,0.0,0.0,0.0,0.0,0.0,2807684.92
-1.487760806452206,-0.08337043282053967,-1.165598983111462,1.0,0.0,0.0,0.0,0.0,0.0,0.0,0.0,0.0,0.0,0.0,0.0,0.0,0.0,3861647.93
1.4818216415561896,3.032835164966145,0.686988883787904,0.0,0.0,0.0,0.0,0.0,0.0,0.0,1.0,1.0,1.0,1.0,0.0,0.0,0.0,10504033.27
0.8879051519545104,0.22193193594293328,1.165076075245805,0.0,0.0,0.0,0.0,0.0,0.0,0.0,1.0,0.0,0.0,0.0,0.0,0.0,0.0,5495051.11
0.8879051519545104,-0.5895174867750885,-1.5241643767048876,0.0,0.0,0.0,0.0,0.0,0.0,1.0,0.0,0.0,0.0,0.0,1.0,1.0,1.0,6733787.61
-0.893844316850527,-0.025953295492665805,1.165076075245805,0.0,0.0,0.0,0.0,0.0,0.0,1.0,0.0,0.0,0.0,0.0,1.0,0.0,1.0,6301967.27
-0.2999278272488479,-0.5996634869454758,-0.8070335895180363,0.0,0.0,0.0,0.0,1.0,0.0,0.0,0.0,0.0,1.0,0.0,1.0,0.0,1.0,3293081.75
-1.487760806452206,-0.37599030137102846,0.9260324795168544,0.0,1.0,0.0,0.0,0.0,0.0,0.0,0.0,0.0,1.0,0.0,0.0,0.0,0.0,4633717.51
0.2939886623528312,-0.20258593482259069,0.1491407933977655,1.0,0.0,0.0,0.0,0.0,0.0,0.0,0.0,0.0,0.0,0.0,0.0,1.0,0.0,3699309.75
-0.893844316850527,0.552599305132374,-1.46440347777265,0.0,0.0,0.0,1.0,0.0,0.0,0.0,0.0,1.0,0.0,0.0,1.0,0.0,0.0,6445490.27
-1.487760806452206,0.011402432407396149,-1.0460771852469868,0.0,0.0,0.0,0.0,0.0,0.0,0.0,1.0,0.0,0.0,0.0,0.0,0.0,0.0,1084536.71
1.4818216415561896,0.6093246697213579,-0.6277508927213235,1.0,0.0,0.0,0.0,0.0,0.0,0.0,0.0,1.0,0.0,0.0,0.0,0.0,0.0,5410652.9
0.2939886623528312,-1.8810571902828006,0.02961899553329029,0.0,0.0,0.0,0.0,0.0,0.0,0.0,1.0,0.0,1.0,1.0,1.0,1.0,0.0,1323783.22
-0.2999278272488479,0.011402432407396149,-0.687511791653561,0.0,1.0,0.0,0.0,0.0,0.0,0.0,0.0,1.0,1.0,0.0,1.0,1.0,0.0,6706458.89
1.4818216415561896,0.6891091256066761,0.8065106816523792,0.0,0.0,0.0,0.0,0.0,0.0,0.0,1.0,1.0,1.0,1.0,1.0,0.0,0.0,6984598.33
-0.893844316850527,-0.8789090825440903,0.8065106816523792,1.0,0.0,0.0,0.0,0.0,0.0,0.0,0.0,1.0,1.0,1.0,1.0,0.0,0.0,1723113.92
0.8879051519545104,-0.7329450346382911,-1.46440347777265,0.0,0.0,0.0,0.0,0.0,0.0,0.0,1.0,0.0,0.0,0.0,0.0,0.0,0.0,3601703.6
0.8879051519545104,-1.3675312271134246,0.5674670859234288,0.0,1.0,0.0,0.0,0.0,0.0,0.0,0.0,0.0,0.0,0.0,0.0,0.0,0.0,2493654.36
-0.893844316850527,-0.7818303081865207,0.5674670859234288,0.0,0.0,0.0,0.0,0.0,0.0,0.0,1.0,0.0,1.0,1.0,0.0,0.0,0.0,3308534.56
-1.487760806452206,-0.24455348098192012,0.5674670859234288,0.0,0.0,0.0,0.0,0.0,0.0,0.0,1.0,1.0,1.0,0.0,1.0,1.0,0.0,6251422.62
-0.893844316850527,-0.7377874438105212,1.28459787311028,1.0,0.0,0.0,0.0,0.0,0.0,0.0,0.0,0.0,1.0,0.0,1.0,1.0,0.0,2843019.31
0.8879051519545104,1.128384814801854,-0.14966370126342254,0.0,1.0,0.0,0.0,0.0,0.0,0.0,0.0,0.0,0.0,1.0,1.0,0.0,0.0,7412665.08
-0.2999278272488479,-1.3979692276245865,0.5674670859234288,1.0,0.0,0.0,0.0,0.0,0.0,0.0,0.0,0.0,1.0,1.0,0.0,1.0,1.0,1316073.44
1.4818216415561896,-1.1450109961037938,0.9857933784490921,1.0,0.0,0.0,0.0,0.0,0.0,0.0,0.0,0.0,0.0,0.0,0.0,0.0,0.0,1951374.79
-1.487760806452206,0.7476792174993667,1.6431632667037057,0.0,0.0,0.0,0.0,1.0,0.0,0.0,0.0,0.0,0.0,1.0,1.0,0.0,1.0,6175394.84
0.8879051519545104,1.0543651317406195,-1.46440347777265,0.0,0.0,0.0,0.0,0.0,0.0,1.0,0.0,1.0,1.0,1.0,1.0,0.0,0.0,9803133.01
-1.487760806452206,0.011402432407396149,-1.46440347777265,0.0,0.0,0.0,1.0,0.0,0.0,0.0,0.0,1.0,0.0,1.0,1.0,0.0,1.0,4532268.72
-1.487760806452206,-0.5779879411269211,0.7467497827201416,0.0,0.0,0.0,1.0,0.0,0.0,0.0,0.0,0.0,0.0,0.0,0.0,0.0,0.0,4693481.78
-0.2999278272488479,-1.5326343207951818,0.1491407933977655,0.0,1.0,0.0,0.0,0.0,0.0,0.0,0.0,0.0,0.0,0.0,0.0,1.0,0.0,2768981.87
0.2939886623528312,-1.3820584546301156,-1.165598983111462,0.0,0.0,0.0,1.0,0.0,0.0,0.0,0.0,0.0,0.0,0.0,0.0,0.0,0.0,3051663.26
-1.487760806452206,0.5858043965990963,-0.5679899937890858,0.0,0.0,0.0,0.0,0.0,0.0,0.0,1.0,0.0,1.0,0.0,0.0,1.0,0.0,5579236.61
-0.893844316850527,-0.40066352905810654,-1.4046425788404124,1.0,0.0,0.0,0.0,0.0,0.0,0.0,0.0,0.0,1.0,0.0,1.0,1.0,1.0,3630019.51
1.4818216415561896,1.8012490988289034,0.2089016923300031,0.0,0.0,0.0,0.0,0.0,0.0,0.0,1.0,0.0,0.0,1.0,1.0,0.0,1.0,10146468.29
-1.487760806452206,-0.8586170822033157,-1.5241643767048876,1.0,0.0,0.0,0.0,0.0,0.0,0.0,0.0,0.0,0.0,0.0,0.0,1.0,1.0,3095942.29
-0.2999278272488479,0.2966433917430577,-0.5082290948568482,0.0,0.0,0.0,0.0,0.0,0.0,0.0,1.0,1.0,1.0,0.0,0.0,1.0,1.0,5791021.09
-1.487760806452206,0.011402432407396149,-1.165598983111462,0.0,0.0,0.0,0.0,0.0,0.0,0.0,1.0,0.0,1.0,0.0,1.0,1.0,0.0,4361493.41
0.2939886623528312,1.8708875545438346,0.5674670859234288,0.0,1.0,0.0,0.0,0.0,0.0,0.0,0.0,0.0,0.0,0.0,0.0,1.0,0.0,11704861.9
0.2939886623528312,-0.11173311511503137,1.5834023677714681,0.0,0.0,0.0,1.0,0.0,0.0,0.0,0.0,0.0,0.0,0.0,0.0,0.0,0.0,5276859.74
1.4818216415561896,-1.055080540048088,-0.8667944884502738,0.0,1.0,0.0,0.0,0.0,0.0,0.0,0.0,0.0,1.0,0.0,0.0,0.0,0.0,3485326.1
0.2939886623528312,-1.955538055169962,-0.6277508927213235,0.0,1.0,0.0,0.0,0.0,0.0,0.0,0.0,1.0,1.0,1.0,1.0,0.0,0.0,1522842.42
-0.2999278272488479,-1.2229507246854054,1.5236414688392306,0.0,0.0,0.0,0.0,0.0,0.0,0.0,1.0,0.0,0.0,1.0,0.0,1.0,0.0,2482508.83
1.4818216415561896,0.6851890800862991,-0.7472726905857986,0.0,0.0,0.0,0.0,0.0,0.0,0.0,1.0,1.0,0.0,1.0,0.0,0.0,0.0,7293812.7
0.2939886623528312,-0.2618477994541712,-0.14966370126342254,0.0,0.0,1.0,0.0,0.0,0.0,0.0,0.0,1.0,1.0,1.0,0.0,0.0,1.0,4447651.34
1.4818216415561896,0.011402432407396149,0.44794528805895356,0.0,0.0,0.0,0.0,1.0,0.0,0.0,0.0,1.0,0.0,0.0,0.0,1.0,0.0,1073174.11
-0.2999278272488479,-0.7532370349790656,-1.165598983111462,0.0,0.0,0.0,0.0,1.0,0.0,0.0,0.0,0.0,0.0,0.0,0.0,0.0,0.0,3119798.67
1.4818216415561896,0.12254725245572998,0.5077061869911912,1.0,0.0,0.0,0.0,0.0,0.0,0.0,0.0,0.0,0.0,1.0,0.0,0.0,0.0,3543197.33
0.2939886623528312,0.36328416558946547,1.4041196709747552,0.0,0.0,0.0,0.0,0.0,0.0,1.0,0.0,0.0,0.0,1.0,0.0,1.0,0.0,9152429.23
0.2939886623528312,-0.7073494432993593,0.8065106816523792,0.0,0.0,1.0,0.0,0.0,0.0,0.0,0.0,0.0,0.0,0.0,0.0,0.0,0.0,3651594.57
0.2939886623528312,0.11055652498163579,-0.44846819592461057,0.0,0.0,0.0,1.0,0.0,0.0,0.0,0.0,1.0,1.0,1.0,0.0,0.0,1.0,8110295.1
-0.893844316850527,0.1269284798020338,-1.4046425788404124,0.0,1.0,0.0,0.0,0.0,0.0,0.0,0.0,1.0,0.0,1.0,1.0,1.0,0.0,6750540.08
-1.487760806452206,0.0014870231499722897,-1.6436861745693627,0.0,1.0,0.0,0.0,0.0,0.0,0.0,0.0,0.0,1.0,1.0,1.0,0.0,0.0,6869233.51
-0.2999278272488479,-0.28467629983754233,0.5077061869911912,0.0,1.0,0.0,0.0,0.0,0.0,0.0,0.0,0.0,0.0,0.0,0.0,0.0,0.0,4283332.62
1.4818216415561896,-2.0664522843053326,-0.687511791653561,0.0,0.0,0.0,0.0,0.0,0.0,0.0,1.0,0.0,0.0,1.0,1.0,0.0,0.0,950226.32
1.4818216415561896,0.578425487384269,-0.7472726905857986,0.0,0.0,0.0,0.0,0.0,0.0,0.0,1.0,0.0,0.0,1.0,1.0,0.0,0.0,4964063.46
0.2939886623528312,0.2546758455837283,1.7029241656359433,0.0,0.0,0.0,0.0,0.0,1.0,0.0,0.0,1.0,1.0,1.0,0.0,0.0,1.0,4162480.39
-1.487760806452206,2.0878736036423446,-0.32894639806013537,0.0,0.0,1.0,0.0,0.0,0.0,0.0,0.0,1.0,0.0,1.0,1.0,1.0,0.0,8125055.4
1.4818216415561896,0.24037920898000112,-1.7034470735016003,0.0,0.0,0.0,0.0,0.0,1.0,0.0,0.0,0.0,0.0,0.0,0.0,0.0,0.0,3656241.88
0.8879051519545104,-0.1373287064539633,-1.5839252756371252,0.0,0.0,0.0,0.0,0.0,0.0,1.0,0.0,1.0,0.0,0.0,0.0,1.0,0.0,7150409.6
1.4818216415561896,-0.188289298218863,0.686988883787904,0.0,0.0,0.0,0.0,0.0,0.0,0.0,1.0,0.0,0.0,0.0,0.0,0.0,0.0,4226078.44
0.2939886623528312,0.011402432407396149,0.38818438912671593,1.0,0.0,0.0,0.0,0.0,0.0,0.0,0.0,0.0,1.0,0.0,0.0,1.0,0.0,1410024.38
0.2939886623528312,2.043138966527455,-0.687511791653561,0.0,0.0,0.0,0.0,0.0,0.0,1.0,0.0,0.0,0.0,0.0,0.0,0.0,0.0,11604525.86
0.2939886623528312,0.7040975349492937,0.44794528805895356,0.0,0.0,0.0,0.0,0.0,1.0,0.0,0.0,0.0,0.0,0.0,0.0,0.0,0.0,4066383.14
-0.893844316850527,0.14629811649095473,1.5834023677714681,0.0,0.0,0.0,0.0,1.0,0.0,0.0,0.0,0.0,0.0,0.0,0.0,0.0,0.0,3863541.36
-1.487760806452206,0.3176271648227227,-1.5839252756371252,0.0,0.0,0.0,0.0,1.0,0.0,0.0,0.0,0.0,0.0,1.0,1.0,1.0,1.0,5531284.03
-1.487760806452206,0.1721242987428498,0.2089016923300031,0.0,0.0,0.0,0.0,1.0,0.0,0.0,0.0,1.0,0.0,1.0,0.0,1.0,0.0,4062270.18
0.8879051519545104,0.2751984368374665,-1.285120780975937,1.0,0.0,0.0,0.0,0.0,0.0,0.0,0.0,0.0,0.0,1.0,0.0,0.0,0.0,4206820.55
0.8879051519545104,1.416623456006039,-0.8667944884502738,1.0,0.0,0.0,0.0,0.0,0.0,0.0,0.0,1.0,0.0,1.0,0.0,1.0,1.0,8842589.34
-1.487760806452206,-0.1027400695094611,-1.46440347777265,0.0,0.0,1.0,0.0,0.0,0.0,0.0,0.0,1.0,1.0,1.0,0.0,1.0,0.0,4317591.98
1.4818216415561896,1.0057104491053528,-0.030141903398947317,0.0,0.0,0.0,0.0,0.0,0.0,0.0,1.0,1.0,0.0,1.0,0.0,1.0,1.0,7003068.85
1.4818216415561896,-0.6282567601529309,-1.7034470735016003,0.0,0.0,1.0,0.0,0.0,0.0,0.0,0.0,0.0,0.0,0.0,0.0,0.0,0.0,3918291.79
0.2939886623528312,-0.7015846704752757,-1.6436861745693627,1.0,0.0,0.0,0.0,0.0,0.0,0.0,0.0,0.0,0.0,1.0,1.0,0.0,0.0,2658144.68
-1.487760806452206,-1.8245624166067804,0.8662715805846168,0.0,0.0,0.0,0.0,1.0,0.0,0.0,0.0,1.0,0.0,1.0,0.0,0.0,1.0,1361775.65
0.8879051519545104,0.39810339344693085,-0.5679899937890858,0.0,0.0,0.0,0.0,0.0,0.0,1.0,0.0,0.0,0.0,0.0,0.0,0.0,0.0,8850857.61
0.2939886623528312,0.5357661684860496,0.5674670859234288,0.0,0.0,1.0,0.0,0.0,0.0,0.0,0.0,1.0,1.0,0.0,1.0,0.0,1.0,5651385.55
-0.893844316850527,-2.0664522843053326,-0.8667944884502738,1.0,0.0,0.0,0.0,0.0,0.0,0.0,0.0,0.0,0.0,0.0,0.0,0.0,0.0,701972.92
0.8879051519545104,0.7889549909198057,-0.687511791653561,0.0,0.0,1.0,0.0,0.0,0.0,0.0,0.0,0.0,0.0,1.0,1.0,0.0,0.0,4956368.49
-0.893844316850527,-0.46961021203414754,1.7029241656359433,0.0,1.0,0.0,0.0,0.0,0.0,0.0,0.0,0.0,0.0,0.0,0.0,0.0,0.0,5647755.75
-0.2999278272488479,1.541834321745137,-0.7472726905857986,0.0,1.0,0.0,0.0,0.0,0.0,0.0,0.0,0.0,0.0,1.0,1.0,0.0,1.0,8933025.57
-0.893844316850527,0.15413820753170876,0.7467497827201416,0.0,1.0,0.0,0.0,0.0,0.0,0.0,0.0,1.0,1.0,1.0,1.0,0.0,0.0,5510495.98
0.8879051519545104,-0.7654583533661229,-0.8070335895180363,0.0,0.0,1.0,0.0,0.0,0.0,0.0,0.0,0.0,0.0,1.0,1.0,1.0,0.0,3238668.28
-1.487760806452206,-0.4638454392100638,1.2248369741780425,1.0,0.0,0.0,0.0,0.0,0.0,0.0,0.0,1.0,0.0,0.0,0.0,0.0,0.0,2708784.08
0.2939886623528312,0.8869561289292286,0.0893798944655279,0.0,1.0,0.0,0.0,0.0,0.0,0.0,0.0,1.0,1.0,0.0,0.0,0.0,1.0,7153522.48
-0.2999278272488479,-1.3031963623966505,0.02961899553329029,0.0,0.0,0.0,0.0,0.0,1.0,0.0,0.0,1.0,0.0,0.0,0.0,0.0,1.0,2014137.68
0.2939886623528312,2.0154680569718533,1.3443587720425176,0.0,0.0,0.0,0.0,1.0,0.0,0.0,0.0,0.0,1.0,0.0,0.0,0.0,1.0,8498972.19
0.2939886623528312,1.0698147229091635,-1.4046425788404124,0.0,0.0,0.0,1.0,0.0,0.0,0.0,0.0,1.0,1.0,0.0,0.0,0.0,0.0,9369765.41
0.8879051519545104,-0.5175731219305238,1.463880569906993,1.0,0.0,0.0,0.0,0.0,0.0,0.0,0.0,0.0,1.0,0.0,1.0,0.0,0.0,2168181.45
-0.893844316850527,1.1553639516185659,-1.4046425788404124,0.0,0.0,0.0,0.0,0.0,0.0,0.0,1.0,0.0,0.0,0.0,0.0,0.0,0.0,6977642.54
1.4818216415561896,0.5122458953637881,-1.2253598820436995,0.0,0.0,0.0,0.0,0.0,1.0,0.0,0.0,1.0,1.0,1.0,0.0,0.0,0.0,4212244.34
0.8879051519545104,0.011402432407396149,-0.030141903398947317,0.0,1.0,0.0,0.0,0.0,0.0,0.0,0.0,1.0,0.0,1.0,1.0,1.0,0.0,11304311.46
1.4818216415561896,-0.27314675418937495,0.8065106816523792,0.0,0.0,0.0,0.0,0.0,0.0,1.0,0.0,0.0,1.0,0.0,0.0,0.0,0.0,6701477.04
-0.2999278272488479,0.011402432407396149,1.4041196709747552,0.0,1.0,0.0,0.0,0.0,0.0,0.0,0.0,0.0,1.0,0.0,0.0,0.0,1.0,6405527.71
1.4818216415561896,-1.1546958144482544,-0.8070335895180363,0.0,0.0,0.0,0.0,0.0,0.0,1.0,0.0,1.0,0.0,0.0,0.0,0.0,0.0,4367054.33
0.2939886623528312,0.11516834324090275,-0.9265553873825114,0.0,0.0,0.0,0.0,0.0,0.0,0.0,1.0,0.0,1.0,0.0,0.0,1.0,0.0,4550877.11
0.8879051519545104,0.12254725245572998,0.44794528805895356,0.0,0.0,1.0,0.0,0.0,0.0,0.0,0.0,0.0,0.0,0.0,1.0,0.0,0.0,4331877.17
0.2939886623528312,1.5303047760969695,0.26866259126224074,1.0,0.0,0.0,0.0,0.0,0.0,0.0,0.0,1.0,0.0,0.0,0.0,0.0,1.0,5951062.48
-0.893844316850527,-0.6167272145047634,-0.14966370126342254,0.0,0.0,0.0,0.0,0.0,0.0,0.0,1.0,1.0,1.0,0.0,0.0,0.0,0.0,3277640.91
-1.487760806452206,0.6072493515046875,-0.687511791653561,1.0,0.0,0.0,0.0,0.0,0.0,0.0,0.0,0.0,0.0,1.0,0.0,0.0,0.0,5918676.86
-0.893844316850527,0.4080188027043547,0.44794528805895356,1.0,0.0,0.0,0.0,0.0,0.0,0.0,0.0,0.0,1.0,1.0,0.0,0.0,1.0,4481289.03
0.2939886623528312,0.826080127906905,0.26866259126224074,0.0,0.0,0.0,0.0,1.0,0.0,0.0,0.0,0.0,1.0,1.0,0.0,1.0,0.0,7814654.2
-0.893844316850527,0.5240060319249191,-0.8667944884502738,1.0,0.0,0.0,0.0,0.0,0.0,0.0,0.0,0.0,0.0,0.0,0.0,0.0,0.0,3853629.99
-0.893844316850527,0.7788089907494187,-0.8070335895180363,0.0,0.0,0.0,0.0,0.0,0.0,1.0,0.0,1.0,0.0,1.0,1.0,0.0,1.0,11655992.74
-1.487760806452206,1.3227729544299562,0.686988883787904,1.0,0.0,0.0,0.0,0.0,0.0,0.0,0.0,0.0,1.0,0.0,0.0,0.0,1.0,6155112.91
-0.2999278272488479,1.0158564492757403,-1.165598983111462,0.0,1.0,0.0,0.0,0.0,0.0,0.0,0.0,0.0,0.0,1.0,0.0,0.0,1.0,9028363.06
-1.487760806452206,1.0103222673646197,-1.165598983111462,0.0,0.0,0.0,1.0,0.0,0.0,0.0,0.0,0.0,1.0,0.0,0.0,0.0,1.0,11219581.02
-0.2999278272488479,0.011402432407396149,-0.08990280233118493,0.0,0.0,0.0,1.0,0.0,0.0,0.0,0.0,0.0,0.0,0.0,0.0,0.0,0.0,6269472.55
1.4818216415561896,0.44099330325811387,-0.5082290948568482,0.0,1.0,0.0,0.0,0.0,0.0,0.0,0.0,0.0,1.0,1.0,0.0,1.0,1.0,7841165.04
-0.2999278272488479,1.192027906779738,1.8224459635004187,0.0,0.0,1.0,0.0,0.0,0.0,0.0,0.0,1.0,1.0,0.0,1.0,0.0,0.0,7881724.08
0.8879051519545104,0.15990298035579245,-0.20942460019566014,0.0,0.0,0.0,0.0,0.0,0.0,0.0,1.0,0.0,0.0,0.0,0.0,0.0,0.0,6066400.28
0.8879051519545104,0.16036416218171926,0.5674670859234288,0.0,0.0,1.0,0.0,0.0,0.0,0.0,0.0,0.0,0.0,0.0,0.0,0.0,1.0,3827459.16
-1.487760806452206,-1.1062717227259513,0.44794528805895356,0.0,1.0,0.0,0.0,0.0,0.0,0.0,0.0,1.0,1.0,0.0,1.0,1.0,0.0,2508048.73
-0.893844316850527,-0.7820608990994841,0.8662715805846168,0.0,0.0,0.0,1.0,0.0,0.0,0.0,0.0,1.0,0.0,1.0,0.0,0.0,0.0,7044700.45
0.8879051519545104,-0.10504597863909458,1.5834023677714681,0.0,1.0,0.0,0.0,0.0,0.0,0.0,0.0,1.0,1.0,0.0,0.0,0.0,1.0,5558470.3
-0.2999278272488479,-0.7149589434271497,-1.165598983111462,0.0,0.0,0.0,1.0,0.0,0.0,0.0,0.0,1.0,0.0,0.0,1.0,1.0,0.0,3917921.82
-0.893844316850527,-0.6370192148455383,0.02961899553329029,0.0,0.0,1.0,0.0,0.0,0.0,0.0,0.0,0.0,0.0,0.0,0.0,0.0,0.0,3548833.35
-0.2999278272488479,1.0151646765368503,0.5077061869911912,0.0,0.0,1.0,0.0,0.0,0.0,0.0,0.0,0.0,1.0,0.0,0.0,1.0,0.0,5793183.8
-1.487760806452206,0.4340755758692134,-0.8667944884502738,0.0,0.0,0.0,1.0,0.0,0.0,0.0,0.0,0.0,0.0,0.0,0.0,0.0,0.0,7314601.28
0.8879051519545104,1.4182375923967825,-0.9863162863147491,0.0,0.0,0.0,0.0,1.0,0.0,0.0,0.0,0.0,1.0,0.0,0.0,0.0,0.0,6212015.09
-1.487760806452206,0.6247742608899018,1.6431632667037057,0.0,0.0,0.0,0.0,0.0,0.0,0.0,1.0,0.0,0.0,0.0,0.0,0.0,0.0,6463747.54
0.2939886623528312,0.6731983526122048,-0.8667944884502738,0.0,0.0,0.0,0.0,0.0,0.0,1.0,0.0,0.0,0.0,0.0,1.0,0.0,0.0,8614548.88
0.2939886623528312,-1.4542334103876435,-1.2253598820436995,0.0,0.0,0.0,0.0,1.0,0.0,0.0,0.0,0.0,0.0,0.0,0.0,0.0,0.0,2277580.96
0.8879051519545104,-1.028562585057303,-1.0460771852469868,0.0,0.0,0.0,0.0,1.0,0.0,0.0,0.0,1.0,0.0,0.0,0.0,0.0,0.0,2747318.84
1.4818216415561896,-0.4594642118637603,-0.5679899937890858,0.0,0.0,0.0,0.0,0.0,1.0,0.0,0.0,1.0,0.0,1.0,0.0,0.0,0.0,2964716.6
-1.487760806452206,-0.020188522668582107,0.0893798944655279,0.0,0.0,0.0,0.0,0.0,0.0,0.0,1.0,1.0,0.0,0.0,1.0,0.0,0.0,4299011.93
1.4818216415561896,0.791030309136476,0.9260324795168544,0.0,0.0,0.0,0.0,0.0,0.0,1.0,0.0,0.0,0.0,0.0,0.0,0.0,0.0,9758525.42
1.4818216415561896,-1.075603131301826,-0.9863162863147491,0.0,0.0,0.0,0.0,1.0,0.0,0.0,0.0,0.0,1.0,0.0,0.0,0.0,0.0,2142207.61
0.2939886623528312,-1.204734042561301,0.1491407933977655,0.0,0.0,0.0,0.0,0.0,0.0,0.0,1.0,1.0,0.0,0.0,1.0,1.0,0.0,3015850.83
0.8879051519545104,-1.6440097317564788,0.9260324795168544,0.0,0.0,0.0,1.0,0.0,0.0,0.0,0.0,0.0,1.0,1.0,1.0,1.0,0.0,1395736.92
-1.487760806452206,-0.20166357117073708,-1.4046425788404124,0.0,0.0,0.0,1.0,0.0,0.0,0.0,0.0,1.0,0.0,0.0,1.0,0.0,1.0,7324153.34
0.2939886623528312,0.6941821256918699,-0.5679899937890858,0.0,0.0,0.0,0.0,0.0,1.0,0.0,0.0,0.0,0.0,1.0,1.0,1.0,0.0,4428261.53
-0.893844316850527,-0.6907468975659982,-0.32894639806013537,0.0,0.0,0.0,0.0,0.0,0.0,0.0,1.0,0.0,0.0,0.0,1.0,0.0,0.0,3443007.2
-0.2999278272488479,-1.3613052724634143,-1.1058380841792244,0.0,0.0,1.0,0.0,0.0,0.0,0.0,0.0,0.0,0.0,0.0,0.0,0.0,0.0,2018062.17
-1.487760806452206,-0.8540052639440487,-0.5082290948568482,0.0,1.0,0.0,0.0,0.0,0.0,0.0,0.0,0.0,0.0,0.0,0.0,0.0,0.0,3838033.92
0.8879051519545104,-0.5224155311027542,-0.14966370126342254,0.0,1.0,0.0,0.0,0.0,0.0,0.0,0.0,1.0,1.0,0.0,0.0,0.0,0.0,4715289.96
0.8879051519545104,-1.2116517699502012,0.26866259126224074,1.0,0.0,0.0,0.0,0.0,0.0,0.0,0.0,0.0,0.0,0.0,0.0,0.0,0.0,1404860.09
0.8879051519545104,-2.0664522843053326,1.165076075245805,0.0,0.0,0.0,0.0,0.0,1.0,0.0,0.0,0.0,0.0,0.0,0.0,0.0,0.0,464076.16
0.2939886623528312,0.5274648956193694,-0.687511791653561,0.0,0.0,0.0,0.0,0.0,1.0,0.0,0.0,0.0,1.0,1.0,1.0,0.0,0.0,4325336.16
0.2939886623528312,0.6981021712122468,-0.388707296992373,0.0,0.0,0.0,0.0,1.0,0.0,0.0,0.0,0.0,0.0,0.0,0.0,0.0,0.0,5032214.72
0.8879051519545104,-0.6305626692825643,0.9857933784490921,0.0,0.0,0.0,0.0,1.0,0.0,0.0,0.0,0.0,0.0,0.0,1.0,1.0,0.0,2952586.81
-1.487760806452206,-1.0892079951666638,-1.165598983111462,0.0,0.0,0.0,0.0,1.0,0.0,0.0,0.0,0.0,0.0,1.0,0.0,0.0,0.0,1866067.17
0.8879051519545104,-0.2530853447615636,1.6431632667037057,0.0,0.0,1.0,0.0,0.0,0.0,0.0,0.0,0.0,1.0,0.0,1.0,1.0,0.0,3014464.4
-0.2999278272488479,-0.9328673561775136,-0.5082290948568482,0.0,0.0,0.0,1.0,0.0,0.0,0.0,0.0,0.0,0.0,0.0,0.0,1.0,1.0,4786725.88
-0.893844316850527,-0.5786797138658111,-0.5679899937890858,0.0,0.0,0.0,0.0,0.0,0.0,0.0,1.0,1.0,0.0,0.0,1.0,0.0,0.0,4054138.51
-0.893844316850527,-1.2354026339854263,-1.0460771852469868,0.0,0.0,0.0,0.0,1.0,0.0,0.0,0.0,0.0,1.0,0.0,0.0,1.0,0.0,2131724.72
-1.487760806452206,0.03492270552965775,0.1491407933977655,0.0,0.0,0.0,0.0,0.0,0.0,1.0,0.0,0.0,0.0,0.0,0.0,0.0,0.0,8148133.97
-0.2999278272488479,2.678186340828516,-0.20942460019566014,0.0,0.0,0.0,0.0,0.0,1.0,0.0,0.0,0.0,0.0,0.0,1.0,0.0,1.0,7756707.05
0.2939886623528312,0.6937209438659431,-0.9265553873825114,0.0,0.0,0.0,0.0,0.0,1.0,0.0,0.0,1.0,1.0,0.0,1.0,1.0,0.0,4362787.32
0.2939886623528312,-1.122643677546349,-0.388707296992373,0.0,1.0,0.0,0.0,0.0,0.0,0.0,0.0,0.0,1.0,1.0,0.0,1.0,1.0,4771422.48
1.4818216415561896,0.04622166026486201,-1.46440347777265,0.0,0.0,0.0,1.0,0.0,0.0,0.0,0.0,0.0,0.0,0.0,0.0,1.0,0.0,6160579.54
0.8879051519545104,0.5122458953637881,-0.9863162863147491,0.0,0.0,0.0,0.0,0.0,1.0,0.0,0.0,0.0,0.0,0.0,0.0,0.0,0.0,4647683.4
1.4818216415561896,0.47027834920445866,-0.9265553873825114,0.0,1.0,0.0,0.0,0.0,0.0,0.0,0.0,1.0,0.0,0.0,1.0,0.0,1.0,7385116.26
0.2939886623528312,-0.00888956793337837,-0.32894639806013537,0.0,0.0,0.0,0.0,1.0,0.0,0.0,0.0,0.0,0.0,0.0,0.0,0.0,0.0,4358716.2
-0.893844316850527,-1.8669911445920364,-0.5082290948568482,0.0,0.0,0.0,1.0,0.0,0.0,0.0,0.0,1.0,0.0,1.0,1.0,0.0,0.0,1367909.62
-0.893844316850527,0.43153907582661627,-0.5679899937890858,0.0,0.0,0.0,0.0,1.0,0.0,0.0,0.0,1.0,0.0,0.0,0.0,1.0,1.0,5207222.19
0.8879051519545104,0.3127847556504921,-1.2253598820436995,0.0,0.0,1.0,0.0,0.0,0.0,0.0,0.0,1.0,0.0,0.0,1.0,0.0,0.0,6119009.48
0.2939886623528312,0.8230824460383811,-0.8667944884502738,0.0,0.0,0.0,0.0,0.0,0.0,1.0,0.0,0.0,0.0,0.0,0.0,0.0,0.0,8997795.07
1.4818216415561896,0.2671277548837493,1.7029241656359433,0.0,0.0,1.0,0.0,0.0,0.0,0.0,0.0,0.0,1.0,0.0,1.0,0.0,1.0,5128729.63
-1.487760806452206,0.1854985716947239,-1.6436861745693627,0.0,0.0,0.0,0.0,0.0,0.0,1.0,0.0,0.0,0.0,1.0,0.0,1.0,0.0,7749730.18
0.8879051519545104,1.438529592737557,0.6272279848556663,0.0,0.0,0.0,1.0,0.0,0.0,0.0,0.0,1.0,1.0,1.0,0.0,0.0,1.0,10572689.66
-0.893844316850527,2.923765663134481,-0.32894639806013537,0.0,0.0,0.0,0.0,1.0,0.0,0.0,0.0,1.0,0.0,0.0,0.0,0.0,1.0,9005740.32
0.8879051519545104,0.40202343896730786,-0.08990280233118493,0.0,0.0,0.0,1.0,0.0,0.0,0.0,0.0,0.0,0.0,0.0,0.0,1.0,0.0,6182688.47
0.2939886623528312,0.8336896280346954,-0.32894639806013537,0.0,0.0,1.0,0.0,0.0,0.0,0.0,0.0,0.0,0.0,0.0,0.0,0.0,0.0,6348030.03
-0.2999278272488479,0.011402432407396149,0.26866259126224074,0.0,0.0,0.0,0.0,0.0,0.0,1.0,0.0,0.0,1.0,1.0,0.0,1.0,1.0,2449916.26
-0.2999278272488479,0.6519839886195773,-0.030141903398947317,0.0,0.0,0.0,0.0,0.0,0.0,0.0,1.0,0.0,1.0,0.0,0.0,0.0,1.0,4717046.0
-1.487760806452206,0.938147311607092,-1.6436861745693627,0.0,1.0,0.0,0.0,0.0,0.0,0.0,0.0,0.0,0.0,0.0,0.0,0.0,0.0,6810688.76
-1.487760806452206,0.011402432407396149,-1.5241643767048876,1.0,0.0,0.0,0.0,0.0,0.0,0.0,0.0,1.0,0.0,1.0,0.0,0.0,1.0,3885699.03
-0.2999278272488479,-2.0664522843053326,0.0893798944655279,1.0,0.0,0.0,0.0,0.0,0.0,0.0,0.0,1.0,0.0,0.0,1.0,0.0,1.0,943726.63
0.2939886623528312,0.13730507088538446,1.6431632667037057,0.0,0.0,0.0,0.0,1.0,0.0,0.0,0.0,0.0,1.0,0.0,0.0,0.0,0.0,5699526.89
0.8879051519545104,0.19979520829845157,0.2089016923300031,0.0,0.0,1.0,0.0,0.0,0.0,0.0,0.0,0.0,0.0,0.0,1.0,0.0,1.0,3700059.0
-1.487760806452206,-1.1297919958482128,0.9857933784490921,0.0,1.0,0.0,0.0,0.0,0.0,0.0,0.0,0.0,1.0,0.0,1.0,0.0,1.0,3869946.74
0.2939886623528312,-0.20812011673371072,0.7467497827201416,0.0,0.0,0.0,0.0,0.0,1.0,0.0,0.0,0.0,0.0,1.0,1.0,0.0,0.0,3436973.49
1.4818216415561896,-1.088055040601847,-0.14966370126342254,0.0,0.0,0.0,0.0,0.0,0.0,1.0,0.0,0.0,0.0,0.0,1.0,0.0,0.0,4443744.11
-1.487760806452206,1.2976385449169516,-0.9265553873825114,0.0,0.0,1.0,0.0,0.0,0.0,0.0,0.0,0.0,0.0,0.0,0.0,0.0,1.0,8297196.1
1.4818216415561896,0.5719689418212954,-1.7034470735016003,0.0,0.0,0.0,0.0,0.0,1.0,0.0,0.0,0.0,0.0,1.0,1.0,1.0,0.0,4105517.5
0.8879051519545104,0.011402432407396149,0.44794528805895356,0.0,0.0,0.0,0.0,0.0,0.0,0.0,1.0,0.0,0.0,0.0,0.0,0.0,0.0,863078.28
-0.2999278272488479,0.38127025680060656,-1.5241643767048876,1.0,0.0,0.0,0.0,0.0,0.0,0.0,0.0,0.0,1.0,1.0,0.0,0.0,0.0,5953665.67
-1.487760806452206,2.081647648992335,-1.5839252756371252,0.0,0.0,0.0,1.0,0.0,0.0,0.0,0.0,0.0,0.0,0.0,1.0,0.0,1.0,10063112.23
0.2939886623528312,1.2616663624946691,0.686988883787904,1.0,0.0,0.0,0.0,0.0,0.0,0.0,0.0,1.0,0.0,1.0,0.0,0.0,0.0,5641076.29
0.2939886623528312,0.06743602425749012,-1.3448816799081746,0.0,0.0,0.0,0.0,0.0,0.0,0.0,1.0,0.0,0.0,0.0,1.0,0.0,1.0,4654156.96
0.8879051519545104,-0.7027376250400924,0.686988883787904,0.0,0.0,0.0,0.0,0.0,1.0,0.0,0.0,0.0,0.0,0.0,0.0,0.0,0.0,2581790.33
0.8879051519545104,-1.4210283189209214,-0.08990280233118493,0.0,0.0,0.0,1.0,0.0,0.0,0.0,0.0,1.0,0.0,1.0,1.0,0.0,0.0,3424037.54
-0.893844316850527,1.3172387725188361,-0.7472726905857986,0.0,0.0,1.0,0.0,0.0,0.0,0.0,0.0,1.0,0.0,0.0,0.0,0.0,1.0,7171189.22
-0.893844316850527,-0.9056576284478386,-1.7034470735016003,0.0,0.0,0.0,0.0,0.0,1.0,0.0,0.0,0.0,0.0,0.0,0.0,0.0,0.0,2503579.3
0.8879051519545104,0.7080175804696708,0.8662715805846168,0.0,0.0,0.0,0.0,0.0,0.0,0.0,1.0,1.0,0.0,1.0,1.0,0.0,1.0,8202054.23
0.2939886623528312,0.6346896701473261,-0.7472726905857986,0.0,0.0,0.0,1.0,0.0,0.0,0.0,0.0,1.0,1.0,1.0,0.0,0.0,1.0,6585550.09
0.8879051519545104,-0.6598477152289096,1.0455542773813296,0.0,1.0,0.0,0.0,0.0,0.0,0.0,0.0,1.0,0.0,0.0,1.0,1.0,0.0,3733794.18
-0.2999278272488479,1.713393960989868,-1.0460771852469868,0.0,0.0,0.0,0.0,0.0,1.0,0.0,0.0,0.0,0.0,0.0,1.0,1.0,1.0,6892883.63
-0.2999278272488479,0.2546758455837283,1.5236414688392306,0.0,1.0,0.0,0.0,0.0,0.0,0.0,0.0,0.0,0.0,0.0,0.0,0.0,0.0,5487070.57
-1.487760806452206,0.09810461568161531,1.463880569906993,0.0,0.0,0.0,0.0,1.0,0.0,0.0,0.0,0.0,0.0,0.0,0.0,0.0,0.0,5027338.34
0.8879051519545104,-0.07137970534644547,1.5834023677714681,0.0,1.0,0.0,0.0,0.0,0.0,0.0,0.0,0.0,0.0,0.0,0.0,0.0,0.0,5618182.17
-0.2999278272488479,-0.3273356187357617,-0.26918549912789774,0.0,0.0,0.0,1.0,0.0,0.0,0.0,0.0,0.0,0.0,0.0,0.0,0.0,1.0,5773799.59
0.8879051519545104,1.0195459038831536,-1.46440347777265,0.0,0.0,1.0,0.0,0.0,0.0,0.0,0.0,0.0,0.0,0.0,0.0,1.0,0.0,8498858.56
1.4818216415561896,0.7873408545290621,0.1491407933977655,0.0,0.0,0.0,0.0,0.0,1.0,0.0,0.0,0.0,0.0,0.0,0.0,0.0,0.0,3971868.31
0.2939886623528312,-0.17468443435402525,-0.030141903398947317,0.0,0.0,0.0,0.0,1.0,0.0,0.0,0.0,0.0,1.0,1.0,0.0,0.0,0.0,3599421.34
-0.893844316850527,0.2855750279208171,-0.388707296992373,0.0,0.0,0.0,0.0,0.0,0.0,1.0,0.0,1.0,1.0,1.0,1.0,0.0,0.0,7296198.34
-0.2999278272488479,-1.8312495530827175,-1.2253598820436995,0.0,0.0,0.0,1.0,0.0,0.0,0.0,0.0,1.0,1.0,0.0,1.0,0.0,1.0,2225787.14
0.8879051519545104,-0.2131931168189045,-1.2253598820436995,0.0,1.0,0.0,0.0,0.0,0.0,0.0,0.0,0.0,0.0,0.0,0.0,1.0,0.0,4947026.31
-0.893844316850527,1.4721958660302057,1.463880569906993,0.0,0.0,0.0,0.0,0.0,0.0,1.0,0.0,0.0,0.0,1.0,0.0,1.0,0.0,10230214.44
1.4818216415561896,0.04783579665560555,-0.14966370126342254,1.0,0.0,0.0,0.0,0.0,0.0,0.0,0.0,1.0,1.0,0.0,1.0,0.0,0.0,3693835.56
0.8879051519545104,0.9510604027330392,0.02961899553329029,0.0,0.0,1.0,0.0,0.0,0.0,0.0,0.0,0.0,0.0,0.0,0.0,0.0,1.0,6034724.06
1.4818216415561896,0.4926456677619035,-0.5082290948568482,0.0,0.0,0.0,0.0,1.0,0.0,0.0,0.0,0.0,0.0,0.0,0.0,1.0,1.0,5377863.05
0.8879051519545104,0.44491334877849037,-0.44846819592461057,0.0,0.0,0.0,0.0,1.0,0.0,0.0,0.0,1.0,1.0,0.0,0.0,1.0,0.0,7638772.74
1.4818216415561896,0.6150894425454416,1.5834023677714681,0.0,1.0,0.0,0.0,0.0,0.0,0.0,0.0,0.0,0.0,0.0,0.0,0.0,0.0,6054723.1
-0.2999278272488479,0.3482957562468479,-1.46440347777265,0.0,0.0,1.0,0.0,0.0,0.0,0.0,0.0,0.0,0.0,0.0,0.0,0.0,0.0,6614679.2
0.2939886623528312,0.24153216354481785,0.5674670859234288,0.0,0.0,0.0,1.0,0.0,0.0,0.0,0.0,1.0,1.0,1.0,0.0,0.0,0.0,8442806.53
-1.487760806452206,0.12346961610758359,1.7029241656359433,0.0,0.0,0.0,1.0,0.0,0.0,0.0,0.0,0.0,0.0,0.0,0.0,0.0,0.0,6065913.1
-1.487760806452206,0.1986422537336348,0.9857933784490921,0.0,0.0,0.0,0.0,0.0,1.0,0.0,0.0,0.0,0.0,0.0,0.0,0.0,0.0,3880862.01
-1.487760806452206,-1.5176459114525642,-1.5839252756371252,0.0,0.0,0.0,0.0,0.0,0.0,1.0,0.0,1.0,1.0,0.0,0.0,0.0,1.0,3237974.34
-1.487760806452206,-1.8699888264605597,-0.6277508927213235,0.0,0.0,0.0,1.0,0.0,0.0,0.0,0.0,0.0,1.0,0.0,0.0,1.0,0.0,1871654.55
-1.487760806452206,-2.0664522843053326,-0.030141903398947317,0.0,0.0,0.0,0.0,0.0,1.0,0.0,0.0,0.0,0.0,0.0,0.0,0.0,0.0,587468.11
0.8879051519545104,0.011402432407396149,1.0455542773813296,0.0,0.0,0.0,0.0,0.0,0.0,1.0,0.0,0.0,0.0,1.0,0.0,1.0,0.0,8986759.54
1.4818216415561896,1.5176222758839852,-0.8667944884502738,0.0,1.0,0.0,0.0,0.0,0.0,0.0,0.0,1.0,1.0,1.0,0.0,0.0,0.0,12008490.07
0.2939886623528312,-0.05270184139641449,-1.4046425788404124,0.0,0.0,0.0,0.0,0.0,0.0,0.0,1.0,0.0,1.0,1.0,1.0,0.0,1.0,3932570.3
-1.487760806452206,-1.5706818214341343,0.0893798944655279,0.0,0.0,0.0,0.0,0.0,0.0,0.0,1.0,0.0,1.0,0.0,0.0,0.0,0.0,1639171.33
0.8879051519545104,1.192027906779738,0.5077061869911912,0.0,0.0,0.0,0.0,1.0,0.0,0.0,0.0,0.0,0.0,0.0,0.0,0.0,0.0,6936571.92
0.2939886623528312,-0.87545021884964,-1.0460771852469868,1.0,0.0,0.0,0.0,0.0,0.0,0.0,0.0,0.0,0.0,0.0,0.0,0.0,0.0,3070176.98
0.2939886623528312,1.2835724992261872,0.5674670859234288,0.0,0.0,0.0,1.0,0.0,0.0,0.0,0.0,0.0,0.0,0.0,0.0,0.0,0.0,8728105.27
1.4818216415561896,0.5858043965990963,-1.4046425788404124,0.0,0.0,0.0,1.0,0.0,0.0,0.0,0.0,1.0,0.0,0.0,0.0,1.0,0.0,8289200.72
-1.487760806452206,-0.09513056938167021,-1.165598983111462,1.0,0.0,0.0,0.0,0.0,0.0,0.0,0.0,1.0,0.0,0.0,1.0,1.0,1.0,3295613.13
-1.487760806452206,-0.7613077169327828,-1.285120780975937,0.0,0.0,0.0,0.0,0.0,0.0,1.0,0.0,0.0,1.0,0.0,0.0,0.0,0.0,5706100.99
1.4818216415561896,-2.0664522843053326,1.3443587720425176,0.0,1.0,0.0,0.0,0.0,0.0,0.0,0.0,0.0,0.0,1.0,0.0,0.0,1.0,984748.52
-0.2999278272488479,0.5595170325212744,1.165076075245805,0.0,0.0,0.0,0.0,0.0,1.0,0.0,0.0,0.0,0.0,0.0,0.0,0.0,0.0,4532452.5
1.4818216415561896,-1.3257942718670586,-0.32894639806013537,0.0,0.0,0.0,1.0,0.0,0.0,0.0,0.0,0.0,1.0,0.0,0.0,1.0,0.0,2765237.81
-1.487760806452206,0.047144023916715086,-0.7472726905857986,0.0,0.0,0.0,0.0,0.0,1.0,0.0,0.0,0.0,0.0,0.0,0.0,0.0,0.0,4443340.64
-1.487760806452206,0.46289943998963196,0.6272279848556663,0.0,0.0,0.0,0.0,1.0,0.0,0.0,0.0,0.0,1.0,1.0,1.0,1.0,0.0,4522299.82
-1.487760806452206,-1.218108315513175,1.4041196709747552,0.0,0.0,0.0,0.0,0.0,1.0,0.0,0.0,1.0,1.0,1.0,1.0,0.0,0.0,1922104.67
0.2939886623528312,0.6817302163918488,-1.7034470735016003,0.0,0.0,0.0,0.0,0.0,0.0,1.0,0.0,0.0,0.0,1.0,1.0,0.0,1.0,12005605.21
-0.2999278272488479,0.1557523439224523,-0.8667944884502738,0.0,1.0,0.0,0.0,0.0,0.0,0.0,0.0,1.0,0.0,0.0,0.0,1.0,0.0,7343699.24
-0.893844316850527,-0.0017412496315142676,0.0893798944655279,0.0,0.0,0.0,0.0,1.0,0.0,0.0,0.0,0.0,0.0,0.0,0.0,0.0,0.0,4263549.26
0.2939886623528312,-0.1878281163929362,-0.7472726905857986,0.0,1.0,0.0,0.0,0.0,0.0,0.0,0.0,0.0,0.0,0.0,0.0,1.0,0.0,4970889.82
-1.487760806452206,-2.0664522843053326,-0.26918549912789774,0.0,0.0,0.0,0.0,0.0,1.0,0.0,0.0,0.0,0.0,0.0,0.0,0.0,0.0,753545.78
0.8879051519545104,-0.7638442169753796,1.1053151763135673,0.0,0.0,0.0,0.0,0.0,0.0,0.0,1.0,0.0,1.0,1.0,1.0,1.0,0.0,3352619.58
-0.893844316850527,2.1056291039405233,-0.388707296992373,0.0,1.0,0.0,0.0,0.0,0.0,0.0,0.0,1.0,1.0,1.0,1.0,0.0,0.0,10760888.71
-1.487760806452206,0.10179407028902866,-1.3448816799081746,0.0,0.0,0.0,0.0,0.0,1.0,0.0,0.0,0.0,0.0,0.0,0.0,0.0,1.0,4090901.02
-0.2999278272488479,0.8692006286310506,-0.8667944884502738,0.0,0.0,0.0,0.0,0.0,1.0,0.0,0.0,1.0,0.0,0.0,0.0,1.0,0.0,6032996.82
0.2939886623528312,1.4606663203820383,-1.2253598820436995,1.0,0.0,0.0,0.0,0.0,0.0,0.0,0.0,0.0,1.0,0.0,0.0,1.0,1.0,7277614.44
0.2939886623528312,0.8279248552106117,-1.4046425788404124,0.0,0.0,0.0,0.0,0.0,1.0,0.0,0.0,0.0,0.0,0.0,0.0,1.0,0.0,5382650.54
0.2939886623528312,0.02270138714260041,-1.46440347777265,0.0,0.0,0.0,0.0,0.0,1.0,0.0,0.0,1.0,0.0,1.0,0.0,0.0,1.0,4090726.19
0.8879051519545104,-1.1477780870593541,-0.08990280233118493,0.0,0.0,0.0,0.0,0.0,0.0,1.0,0.0,1.0,1.0,0.0,0.0,1.0,1.0,3986027.04
-0.2999278272488479,0.011402432407396149,-0.687511791653561,0.0,0.0,0.0,1.0,0.0,0.0,0.0,0.0,0.0,1.0,0.0,0.0,0.0,0.0,2203655.13
0.8879051519545104,0.663974716093671,1.7029241656359433,0.0,0.0,0.0,0.0,1.0,0.0,0.0,0.0,0.0,0.0,0.0,0.0,0.0,0.0,4781339.65
0.8879051519545104,-0.30312357287461017,-0.8070335895180363,0.0,1.0,0.0,0.0,0.0,0.0,0.0,0.0,0.0,0.0,0.0,1.0,0.0,1.0,4186830.56
-0.2999278272488479,1.0937961778573517,1.5236414688392306,0.0,0.0,0.0,0.0,0.0,0.0,0.0,1.0,0.0,0.0,0.0,1.0,0.0,0.0,5179094.49
1.4818216415561896,-0.2618477994541712,-0.030141903398947317,0.0,0.0,0.0,0.0,0.0,0.0,0.0,1.0,1.0,0.0,1.0,0.0,0.0,1.0,4174579.07
1.4818216415561896,0.44422157603960044,0.9857933784490921,0.0,0.0,0.0,1.0,0.0,0.0,0.0,0.0,0.0,0.0,0.0,0.0,0.0,0.0,6332220.51
-0.893844316850527,1.598329095421157,0.9260324795168544,0.0,0.0,0.0,0.0,0.0,0.0,1.0,0.0,1.0,1.0,0.0,1.0,1.0,0.0,11595010.26
1.4818216415561896,-1.1867479513501598,0.5674670859234288,0.0,0.0,0.0,0.0,0.0,0.0,0.0,1.0,0.0,1.0,1.0,1.0,1.0,0.0,2105005.42
0.2939886623528312,0.6139364879806248,-1.165598983111462,0.0,0.0,1.0,0.0,0.0,0.0,0.0,0.0,0.0,1.0,0.0,0.0,0.0,0.0,5405436.45
-0.2999278272488479,-0.8189554451736197,1.165076075245805,0.0,0.0,0.0,0.0,0.0,0.0,1.0,0.0,0.0,0.0,1.0,1.0,0.0,1.0,6306933.0
1.4818216415561896,0.7024833985585501,-1.3448816799081746,0.0,0.0,0.0,1.0,0.0,0.0,0.0,0.0,0.0,0.0,0.0,1.0,0.0,0.0,8063338.2
1.4818216415561896,0.22815789059294325,0.0893798944655279,1.0,0.0,0.0,0.0,0.0,0.0,0.0,0.0,0.0,0.0,1.0,1.0,0.0,1.0,4365631.13
-1.487760806452206,-0.5267967584490577,1.4041196709747552,0.0,0.0,0.0,0.0,0.0,1.0,0.0,0.0,1.0,0.0,1.0,1.0,0.0,0.0,2459180.57
-0.2999278272488479,-1.3536957723356238,-0.7472726905857986,1.0,0.0,0.0,0.0,0.0,0.0,0.0,0.0,1.0,1.0,0.0,0.0,0.0,1.0,2238247.26
0.8879051519545104,-1.868835871895743,-0.030141903398947317,0.0,0.0,0.0,0.0,0.0,1.0,0.0,0.0,1.0,0.0,1.0,1.0,1.0,0.0,978710.67
-0.2999278272488479,-0.08475397829831954,1.4041196709747552,0.0,0.0,0.0,0.0,0.0,0.0,0.0,1.0,0.0,0.0,0.0,1.0,0.0,1.0,4076178.99
-1.487760806452206,1.1551333607056022,0.5674670859234288,0.0,0.0,0.0,0.0,0.0,1.0,0.0,0.0,0.0,0.0,0.0,0.0,1.0,0.0,3957759.13
-0.893844316850527,2.322153971213106,-1.5839252756371252,0.0,1.0,0.0,0.0,0.0,0.0,0.0,0.0,1.0,0.0,1.0,1.0,1.0,0.0,12903711.17
-0.2999278272488479,-1.6670688230528135,-1.2253598820436995,0.0,0.0,0.0,1.0,0.0,0.0,0.0,0.0,0.0,0.0,1.0,0.0,1.0,0.0,2213227.97
-1.487760806452206,0.011402432407396149,-1.2253598820436995,0.0,0.0,0.0,0.0,0.0,1.0,0.0,0.0,0.0,0.0,0.0,1.0,1.0,0.0,4797467.71
-0.2999278272488479,0.6951044893437229,1.165076075245805,0.0,1.0,0.0,0.0,0.0,0.0,0.0,0.0,1.0,0.0,1.0,0.0,1.0,0.0,8248334.15
-1.487760806452206,-0.3815244832821485,0.02961899553329029,0.0,1.0,0.0,0.0,0.0,0.0,0.0,0.0,1.0,0.0,1.0,0.0,1.0,1.0,5296370.56
-0.2999278272488479,-1.8884360994976277,0.5077061869911912,0.0,0.0,0.0,0.0,0.0,1.0,0.0,0.0,0.0,0.0,0.0,1.0,0.0,1.0,1033469.46
-0.893844316850527,-0.8037364449180388,0.9260324795168544,0.0,0.0,0.0,0.0,0.0,0.0,1.0,0.0,0.0,0.0,0.0,0.0,0.0,0.0,4101022.4
-0.893844316850527,0.7260036716808118,1.8224459635004187,0.0,0.0,0.0,0.0,0.0,0.0,1.0,0.0,1.0,0.0,0.0,0.0,1.0,1.0,9565947.47
0.2939886623528312,-0.8350968090810541,1.6431632667037057,0.0,0.0,1.0,0.0,0.0,0.0,0.0,0.0,1.0,0.0,0.0,1.0,0.0,1.0,2971250.57
0.8879051519545104,0.964665266597877,-1.5241643767048876,0.0,0.0,0.0,0.0,0.0,0.0,0.0,1.0,0.0,0.0,0.0,0.0,0.0,0.0,6971182.7
-1.487760806452206,-0.031718068316749504,0.32842349019447836,0.0,1.0,0.0,0.0,0.0,0.0,0.0,0.0,1.0,0.0,0.0,1.0,0.0,0.0,5943137.13
0.2939886623528312,-0.9301002652219535,-0.32894639806013537,0.0,1.0,0.0,0.0,0.0,0.0,0.0,0.0,1.0,0.0,0.0,0.0,1.0,1.0,3032186.95
1.4818216415561896,-0.3559288919432171,-0.687511791653561,0.0,0.0,0.0,0.0,0.0,0.0,0.0,1.0,1.0,0.0,1.0,1.0,0.0,1.0,5379149.96
1.4818216415561896,-1.2284849065965258,-0.14966370126342254,0.0,0.0,1.0,0.0,0.0,0.0,0.0,0.0,0.0,0.0,0.0,0.0,0.0,0.0,2401171.12
0.2939886623528312,-1.4719889106858213,0.5674670859234288,0.0,0.0,0.0,1.0,0.0,0.0,0.0,0.0,0.0,1.0,0.0,0.0,1.0,0.0,2908297.26
1.4818216415561896,-0.46153953008043036,1.4041196709747552,0.0,0.0,0.0,0.0,1.0,0.0,0.0,0.0,0.0,0.0,0.0,0.0,0.0,0.0,4155681.31
-1.487760806452206,-1.5086528658469935,-0.32894639806013537,0.0,0.0,0.0,0.0,0.0,0.0,0.0,1.0,1.0,1.0,1.0,1.0,0.0,0.0,1698094.16
-0.2999278272488479,0.10017993389828513,1.1053151763135673,1.0,0.0,0.0,0.0,0.0,0.0,0.0,0.0,0.0,1.0,0.0,0.0,0.0,0.0,4231922.69
-0.2999278272488479,0.011402432407396149,-1.46440347777265,0.0,0.0,0.0,0.0,0.0,1.0,0.0,0.0,0.0,0.0,0.0,0.0,0.0,0.0,1331337.67
-1.487760806452206,-2.0664522843053326,0.8662715805846168,0.0,0.0,0.0,0.0,0.0,0.0,1.0,0.0,0.0,1.0,0.0,0.0,1.0,1.0,1740862.92
-0.2999278272488479,-0.7573876714124057,-1.5241643767048876,0.0,0.0,0.0,0.0,0.0,0.0,1.0,0.0,0.0,0.0,0.0,0.0,0.0,0.0,5768023.0
0.2939886623528312,1.245063816761308,0.26866259126224074,0.0,0.0,0.0,0.0,1.0,0.0,0.0,0.0,0.0,1.0,0.0,0.0,1.0,1.0,5430028.92
1.4818216415561896,1.6393742779286329,-0.9863162863147491,0.0,0.0,0.0,0.0,1.0,0.0,0.0,0.0,1.0,1.0,0.0,0.0,0.0,1.0,6707188.76
1.4818216415561896,-0.18690575274108312,-1.2253598820436995,1.0,0.0,0.0,0.0,0.0,0.0,0.0,0.0,0.0,0.0,0.0,0.0,0.0,0.0,3514120.43
-0.2999278272488479,0.9545192664274894,-0.8667944884502738,0.0,0.0,0.0,1.0,0.0,0.0,0.0,0.0,1.0,0.0,0.0,0.0,0.0,1.0,7879576.97
-0.893844316850527,-0.5420157587046388,1.3443587720425176,0.0,0.0,0.0,0.0,0.0,0.0,1.0,0.0,0.0,1.0,0.0,1.0,1.0,1.0,5236388.43
-0.2999278272488479,0.011402432407396149,0.2089016923300031,0.0,1.0,0.0,0.0,0.0,0.0,0.0,0.0,1.0,0.0,0.0,0.0,0.0,0.0,4695260.34
1.4818216415561896,0.3026387554801051,-1.2253598820436995,0.0,0.0,0.0,1.0,0.0,0.0,0.0,0.0,0.0,0.0,0.0,0.0,1.0,0.0,7427775.78
-1.487760806452206,0.8037128093494601,1.0455542773813296,0.0,0.0,0.0,0.0,1.0,0.0,0.0,0.0,0.0,0.0,0.0,0.0,0.0,0.0,5675466.23
1.4818216415561896,0.2461439818040848,0.38818438912671593,0.0,0.0,0.0,0.0,0.0,0.0,1.0,0.0,1.0,0.0,0.0,0.0,0.0,1.0,5680848.66
-0.893844316850527,-1.3919738638875394,0.2089016923300031,0.0,0.0,0.0,0.0,0.0,1.0,0.0,0.0,0.0,1.0,0.0,0.0,0.0,1.0,1741814.01
-1.487760806452206,-0.7947433993124682,-1.4046425788404124,0.0,0.0,0.0,1.0,0.0,0.0,0.0,0.0,1.0,0.0,0.0,0.0,1.0,0.0,4623022.6
0.8879051519545104,0.15552175300948864,0.1491407933977655,0.0,0.0,0.0,0.0,0.0,0.0,1.0,0.0,1.0,1.0,1.0,1.0,0.0,0.0,8851961.91
0.2939886623528312,0.459209985382218,-0.5082290948568482,0.0,0.0,0.0,0.0,0.0,0.0,1.0,0.0,1.0,0.0,1.0,1.0,0.0,1.0,10011012.49
-0.893844316850527,-1.196893951520547,0.1491407933977655,0.0,0.0,0.0,0.0,0.0,0.0,0.0,1.0,1.0,1.0,1.0,0.0,0.0,1.0,1828955.36
0.2939886623528312,-0.7193401707734534,0.02961899553329029,0.0,0.0,0.0,0.0,1.0,0.0,0.0,0.0,1.0,0.0,0.0,0.0,1.0,0.0,2909255.98
-1.487760806452206,-0.8498546275107083,1.165076075245805,0.0,0.0,0.0,0.0,0.0,1.0,0.0,0.0,1.0,1.0,1.0,1.0,0.0,0.0,2759248.41
-1.487760806452206,0.8549039920273235,0.5674670859234288,0.0,0.0,0.0,1.0,0.0,0.0,0.0,0.0,0.0,1.0,0.0,0.0,1.0,0.0,6869041.89
-0.893844316850527,-0.6185719418084704,0.6272279848556663,0.0,0.0,1.0,0.0,0.0,0.0,0.0,0.0,0.0,1.0,1.0,0.0,0.0,1.0,3066878.39
-0.2999278272488479,-1.3721430453726915,-0.388707296992373,0.0,0.0,1.0,0.0,0.0,0.0,0.0,0.0,1.0,1.0,1.0,0.0,0.0,1.0,3078890.44
-1.487760806452206,-1.5326343207951818,1.5236414688392306,0.0,0.0,0.0,0.0,0.0,1.0,0.0,0.0,0.0,1.0,1.0,0.0,0.0,0.0,1327343.9
-0.2999278272488479,-1.0373250397499103,1.5236414688392306,0.0,0.0,1.0,0.0,0.0,0.0,0.0,0.0,0.0,1.0,0.0,0.0,0.0,0.0,2203100.15
0.8879051519545104,0.12808143436685054,1.2248369741780425,0.0,0.0,0.0,1.0,0.0,0.0,0.0,0.0,0.0,1.0,0.0,0.0,0.0,0.0,6792476.99
-1.487760806452206,0.6365343974510329,0.2089016923300031,0.0,0.0,0.0,0.0,0.0,0.0,0.0,1.0,1.0,0.0,0.0,1.0,0.0,1.0,5810459.82
0.8879051519545104,-0.3017400273968303,1.5236414688392306,0.0,0.0,0.0,1.0,0.0,0.0,0.0,0.0,1.0,1.0,1.0,0.0,0.0,0.0,5660120.58
0.8879051519545104,-0.5489334860935392,1.4041196709747552,0.0,0.0,0.0,0.0,0.0,0.0,1.0,0.0,1.0,0.0,0.0,1.0,1.0,1.0,7028386.03
-0.2999278272488479,1.315394045215129,-0.8667944884502738,0.0,0.0,0.0,0.0,0.0,0.0,0.0,1.0,0.0,0.0,0.0,0.0,0.0,0.0,6416643.43
0.8879051519545104,0.011402432407396149,-1.5839252756371252,0.0,0.0,0.0,1.0,0.0,0.0,0.0,0.0,0.0,0.0,0.0,1.0,1.0,1.0,8593285.17
-1.487760806452206,0.7094011259474506,0.32842349019447836,0.0,0.0,0.0,1.0,0.0,0.0,0.0,0.0,0.0,1.0,0.0,0.0,0.0,0.0,8623335.02
0.2939886623528312,0.011402432407396149,1.463880569906993,0.0,1.0,0.0,0.0,0.0,0.0,0.0,0.0,1.0,0.0,0.0,1.0,1.0,0.0,5915449.03
-1.487760806452206,-0.5597712590028167,-1.7034470735016003,0.0,0.0,0.0,0.0,1.0,0.0,0.0,0.0,1.0,0.0,0.0,0.0,0.0,1.0,3928588.33
-1.487760806452206,-2.0664522843053326,1.4041196709747552,0.0,0.0,1.0,0.0,0.0,0.0,0.0,0.0,0.0,0.0,1.0,0.0,1.0,1.0,823418.71
0.2939886623528312,1.181420724783424,-1.0460771852469868,0.0,0.0,0.0,0.0,0.0,0.0,0.0,1.0,0.0,1.0,0.0,0.0,0.0,0.0,9310378.24
1.4818216415561896,-1.0779090404314595,1.0455542773813296,0.0,0.0,0.0,0.0,0.0,0.0,0.0,1.0,0.0,0.0,0.0,0.0,0.0,0.0,2435508.48
0.2939886623528312,-0.566688986391717,0.32842349019447836,0.0,0.0,0.0,0.0,1.0,0.0,0.0,0.0,0.0,0.0,0.0,0.0,0.0,0.0,2656927.61
-0.2999278272488479,-1.9603804643421923,-1.165598983111462,0.0,0.0,1.0,0.0,0.0,0.0,0.0,0.0,1.0,0.0,0.0,0.0,0.0,0.0,1373004.2
0.2939886623528312,-1.7120340510806664,0.686988883787904,0.0,0.0,0.0,0.0,1.0,0.0,0.0,0.0,0.0,1.0,0.0,0.0,0.0,1.0,1247944.5
-1.487760806452206,0.25213934554113165,-1.3448816799081746,0.0,0.0,0.0,0.0,0.0,0.0,1.0,0.0,0.0,1.0,0.0,1.0,1.0,1.0,9103552.51
-0.893844316850527,1.1763477246982303,-1.2253598820436995,1.0,0.0,0.0,0.0,0.0,0.0,0.0,0.0,0.0,0.0,0.0,0.0,0.0,0.0,6924813.29
0.8879051519545104,0.6808078527399958,-1.1058380841792244,0.0,0.0,0.0,0.0,0.0,0.0,0.0,1.0,1.0,0.0,1.0,1.0,0.0,1.0,5897712.02
1.4818216415561896,0.5957198058565202,-1.3448816799081746,0.0,0.0,0.0,0.0,1.0,0.0,0.0,0.0,1.0,0.0,0.0,1.0,0.0,1.0,6246515.96
-1.487760806452206,0.011402432407396149,-0.687511791653561,1.0,0.0,0.0,0.0,0.0,0.0,0.0,0.0,0.0,0.0,0.0,0.0,0.0,0.0,4168690.09
0.8879051519545104,0.5747360327768557,1.7626850645681809,0.0,0.0,0.0,1.0,0.0,0.0,0.0,0.0,0.0,1.0,0.0,0.0,0.0,1.0,8946803.86
0.8879051519545104,-1.116648313809302,-1.46440347777265,0.0,0.0,0.0,0.0,0.0,1.0,0.0,0.0,1.0,0.0,0.0,1.0,0.0,0.0,1798531.83
1.4818216415561896,-0.3291803460394684,1.6431632667037057,0.0,0.0,0.0,0.0,0.0,0.0,0.0,1.0,0.0,1.0,0.0,1.0,0.0,0.0,2925594.06
1.4818216415561896,-0.9144200831404458,0.38818438912671593,0.0,0.0,0.0,0.0,0.0,1.0,0.0,0.0,1.0,0.0,0.0,0.0,0.0,1.0,2700949.81
0.8879051519545104,-1.434172000959832,0.5674670859234288,0.0,0.0,0.0,0.0,0.0,1.0,0.0,0.0,0.0,0.0,0.0,0.0,0.0,0.0,1119924.37
1.4818216415561896,0.29572102809120465,0.6272279848556663,0.0,0.0,0.0,0.0,0.0,0.0,1.0,0.0,0.0,0.0,0.0,0.0,1.0,0.0,9039983.69
1.4818216415561896,1.1606675426167228,1.5834023677714681,0.0,0.0,0.0,0.0,0.0,0.0,1.0,0.0,1.0,0.0,1.0,1.0,0.0,0.0,11325812.54
0.2939886623528312,-1.7913573251400583,0.2089016923300031,0.0,0.0,0.0,0.0,1.0,0.0,0.0,0.0,1.0,0.0,1.0,1.0,0.0,1.0,2095824.15
-0.893844316850527,-0.779985580882814,-1.1058380841792244,0.0,0.0,0.0,0.0,0.0,1.0,0.0,0.0,0.0,0.0,0.0,1.0,0.0,0.0,3412307.01
0.8879051519545104,0.01278597788517655,1.5834023677714681,0.0,0.0,1.0,0.0,0.0,0.0,0.0,0.0,1.0,1.0,0.0,1.0,0.0,0.0,3300369.93
1.4818216415561896,0.07389256982046377,-0.9265553873825114,1.0,0.0,0.0,0.0,0.0,0.0,0.0,0.0,0.0,1.0,0.0,0.0,0.0,0.0,3684528.0
-0.893844316850527,0.3619006201116851,0.44794528805895356,0.0,0.0,0.0,0.0,0.0,0.0,0.0,1.0,0.0,0.0,0.0,0.0,0.0,0.0,4813619.74
0.8879051519545104,-1.5483145028766894,0.7467497827201416,0.0,0.0,0.0,0.0,0.0,1.0,0.0,0.0,1.0,0.0,0.0,1.0,1.0,1.0,1524206.97
-0.2999278272488479,0.4354591213469933,-0.8667944884502738,0.0,0.0,0.0,1.0,0.0,0.0,0.0,0.0,1.0,0.0,0.0,1.0,1.0,1.0,6601395.41
0.2939886623528312,-0.5484723042676126,-0.26918549912789774,0.0,0.0,0.0,0.0,0.0,0.0,0.0,1.0,0.0,0.0,1.0,0.0,0.0,0.0,3434731.16
1.4818216415561896,-0.30197061830979344,-0.9863162863147491,0.0,0.0,0.0,0.0,0.0,0.0,0.0,1.0,0.0,0.0,1.0,0.0,1.0,0.0,5794442.61
0.2939886623528312,0.9208529931348408,0.26866259126224074,0.0,0.0,0.0,0.0,0.0,0.0,0.0,1.0,1.0,0.0,0.0,1.0,0.0,0.0,6429754.49
-0.2999278272488479,2.3274575622112637,1.4041196709747552,0.0,0.0,0.0,0.0,0.0,1.0,0.0,0.0,1.0,0.0,0.0,0.0,1.0,1.0,6402830.37
-0.2999278272488479,-0.054546568700121166,0.6272279848556663,1.0,0.0,0.0,0.0,0.0,0.0,0.0,0.0,1.0,1.0,0.0,0.0,1.0,0.0,2904991.14
-0.2999278272488479,-1.4927420928525226,-0.030141903398947317,0.0,0.0,0.0,0.0,0.0,1.0,0.0,0.0,0.0,0.0,1.0,1.0,1.0,0.0,1219557.36
0.2939886623528312,-0.8307155817347506,0.44794528805895356,0.0,0.0,0.0,0.0,0.0,0.0,0.0,1.0,0.0,0.0,0.0,0.0,0.0,0.0,3392135.34
-0.2999278272488479,-0.16407725235771145,0.26866259126224074,0.0,1.0,0.0,0.0,0.0,0.0,0.0,0.0,1.0,0.0,0.0,1.0,0.0,1.0,4965283.04
0.2939886623528312,0.9411449934756153,-0.030141903398947317,0.0,0.0,0.0,0.0,0.0,1.0,0.0,0.0,0.0,0.0,1.0,0.0,1.0,1.0,4823028.42
-0.2999278272488479,-1.326024862780022,-1.0460771852469868,1.0,0.0,0.0,0.0,0.0,0.0,0.0,0.0,0.0,0.0,0.0,1.0,0.0,1.0,2503199.38
-0.893844316850527,-2.0664522843053326,0.1491407933977655,0.0,0.0,0.0,0.0,0.0,0.0,1.0,0.0,0.0,0.0,0.0,0.0,0.0,0.0,1788370.92
0.2939886623528312,0.6323837610176927,-0.030141903398947317,0.0,0.0,0.0,1.0,0.0,0.0,0.0,0.0,1.0,1.0,0.0,1.0,1.0,0.0,6442180.86
0.2939886623528312,0.3748137112376329,-0.030141903398947317,0.0,0.0,0.0,0.0,0.0,0.0,1.0,0.0,0.0,0.0,0.0,0.0,0.0,0.0,7016416.03
0.8879051519545104,-1.797122097964142,-0.030141903398947317,0.0,0.0,0.0,0.0,0.0,0.0,1.0,0.0,0.0,1.0,0.0,0.0,1.0,0.0,3884431.89
-0.893844316850527,1.1703523609611834,-1.1058380841792244,1.0,0.0,0.0,0.0,0.0,0.0,0.0,0.0,1.0,0.0,0.0,1.0,0.0,0.0,6113039.62
-0.893844316850527,-0.04970415952789107,-0.9863162863147491,0.0,0.0,1.0,0.0,0.0,0.0,0.0,0.0,0.0,1.0,1.0,0.0,0.0,1.0,5931310.69
-1.487760806452206,0.5814231692527925,1.165076075245805,0.0,0.0,0.0,1.0,0.0,0.0,0.0,0.0,0.0,0.0,0.0,0.0,0.0,0.0,6552170.27
-1.487760806452206,0.07297020616861016,-0.7472726905857986,0.0,0.0,0.0,0.0,1.0,0.0,0.0,0.0,0.0,0.0,0.0,0.0,0.0,0.0,5530925.26
-0.893844316850527,-0.23855811724487275,-0.030141903398947317,0.0,0.0,0.0,1.0,0.0,0.0,0.0,0.0,0.0,0.0,1.0,0.0,0.0,1.0,5020752.49
1.4818216415561896,0.6365343974510329,-0.26918549912789774,0.0,1.0,0.0,0.0,0.0,0.0,0.0,0.0,1.0,0.0,1.0,1.0,0.0,1.0,8085615.47
0.8879051519545104,0.10502234307051575,1.5236414688392306,1.0,0.0,0.0,0.0,0.0,0.0,0.0,0.0,0.0,0.0,0.0,0.0,0.0,1.0,3780544.99
0.8879051519545104,-1.0195695394517326,0.5674670859234288,0.0,0.0,0.0,0.0,1.0,0.0,0.0,0.0,0.0,0.0,0.0,1.0,0.0,0.0,2539153.22
-0.2999278272488479,-1.6783677777880177,1.8224459635004187,0.0,0.0,0.0,0.0,0.0,1.0,0.0,0.0,0.0,1.0,1.0,0.0,0.0,0.0,1088694.08
1.4818216415561896,1.8614333271123376,0.6272279848556663,0.0,0.0,0.0,0.0,0.0,0.0,1.0,0.0,0.0,0.0,0.0,0.0,0.0,0.0,12533689.32
-0.2999278272488479,-1.1261025412407994,0.8065106816523792,0.0,0.0,1.0,0.0,0.0,0.0,0.0,0.0,0.0,0.0,0.0,0.0,0.0,0.0,2614363.99
0.8879051519545104,-0.31188602756721734,0.8662715805846168,1.0,0.0,0.0,0.0,0.0,0.0,0.0,0.0,0.0,0.0,1.0,1.0,0.0,1.0,2793028.98
0.8879051519545104,2.306473789131599,0.5674670859234288,0.0,0.0,0.0,0.0,1.0,0.0,0.0,0.0,1.0,0.0,0.0,0.0,0.0,0.0,6552343.17
-1.487760806452206,-1.4189530007042512,-0.030141903398947317,0.0,0.0,0.0,0.0,0.0,1.0,0.0,0.0,0.0,0.0,1.0,1.0,1.0,1.0,1813443.12
1.4818216415561896,-0.5394792586620418,1.1053151763135673,0.0,0.0,0.0,0.0,1.0,0.0,0.0,0.0,1.0,0.0,0.0,0.0,0.0,0.0,3186951.72
0.2939886623528312,0.20855766299105868,0.38818438912671593,1.0,0.0,0.0,0.0,0.0,0.0,0.0,0.0,1.0,0.0,0.0,0.0,0.0,1.0,4948396.24
-0.2999278272488479,-0.49566698519900576,-0.6277508927213235,0.0,1.0,0.0,0.0,0.0,0.0,0.0,0.0,0.0,0.0,0.0,1.0,0.0,0.0,4599485.37
1.4818216415561896,0.22008720863922607,-0.030141903398947317,0.0,0.0,0.0,0.0,0.0,1.0,0.0,0.0,0.0,0.0,0.0,0.0,0.0,0.0,3385658.72
-0.893844316850527,-1.047701630833261,0.5674670859234288,0.0,0.0,1.0,0.0,0.0,0.0,0.0,0.0,0.0,0.0,0.0,0.0,0.0,0.0,2166866.22
-1.487760806452206,0.011402432407396149,0.0893798944655279,0.0,1.0,0.0,0.0,0.0,0.0,0.0,0.0,1.0,0.0,1.0,1.0,0.0,0.0,7518884.82
-1.487760806452206,0.07919616081862067,-1.7034470735016003,0.0,0.0,0.0,0.0,0.0,0.0,0.0,1.0,0.0,0.0,0.0,0.0,1.0,1.0,4751384.62
-1.487760806452206,-1.0112682665850519,0.5077061869911912,0.0,0.0,0.0,0.0,0.0,0.0,0.0,1.0,1.0,0.0,1.0,0.0,0.0,1.0,4135121.52
-0.893844316850527,0.7414532628493562,1.3443587720425176,0.0,0.0,1.0,0.0,0.0,0.0,0.0,0.0,1.0,1.0,1.0,0.0,0.0,1.0,5690189.86
0.2939886623528312,-1.65992050475095,-0.8667944884502738,0.0,0.0,0.0,1.0,0.0,0.0,0.0,0.0,0.0,1.0,1.0,0.0,0.0,0.0,2175066.44
0.2939886623528312,1.1205447237611,-0.32894639806013537,0.0,0.0,0.0,0.0,0.0,1.0,0.0,0.0,1.0,0.0,0.0,1.0,0.0,0.0,5262845.61
1.4818216415561896,0.011402432407396149,0.2089016923300031,0.0,0.0,0.0,1.0,0.0,0.0,0.0,0.0,0.0,1.0,0.0,1.0,0.0,0.0,7444310.06
-0.2999278272488479,0.6932597620400163,-0.030141903398947317,0.0,0.0,0.0,0.0,0.0,0.0,1.0,0.0,1.0,1.0,0.0,0.0,1.0,1.0,9571404.49
-0.2999278272488479,0.24429925450037762,1.1053151763135673,0.0,0.0,0.0,0.0,0.0,0.0,0.0,1.0,0.0,0.0,1.0,0.0,0.0,1.0,4161717.9
-1.487760806452206,-0.3098107093505475,-0.08990280233118493,0.0,0.0,0.0,0.0,0.0,0.0,1.0,0.0,0.0,0.0,0.0,0.0,1.0,1.0,7384570.25
0.2939886623528312,-0.9865950388979738,1.1053151763135673,0.0,0.0,0.0,0.0,0.0,1.0,0.0,0.0,0.0,0.0,0.0,0.0,0.0,0.0,2045352.55
-0.2999278272488479,-0.8201083997384365,-0.5679899937890858,0.0,0.0,0.0,0.0,1.0,0.0,0.0,0.0,1.0,0.0,0.0,0.0,0.0,1.0,2820339.34
-1.487760806452206,-0.3358674825154057,0.8662715805846168,0.0,0.0,0.0,0.0,0.0,1.0,0.0,0.0,0.0,1.0,1.0,0.0,1.0,1.0,4588938.86
-1.487760806452206,1.0919514505536452,-0.687511791653561,0.0,0.0,0.0,0.0,1.0,0.0,0.0,0.0,0.0,1.0,0.0,0.0,0.0,1.0,6695793.1
0.2939886623528312,1.2439108621964912,0.686988883787904,0.0,0.0,0.0,0.0,0.0,1.0,0.0,0.0,0.0,0.0,0.0,0.0,0.0,0.0,5880383.26
0.8879051519545104,0.17419961695952013,-0.20942460019566014,0.0,1.0,0.0,0.0,0.0,0.0,0.0,0.0,1.0,0.0,1.0,0.0,1.0,1.0,6987861.48
-0.2999278272488479,-0.2717632087115951,-1.0460771852469868,0.0,0.0,0.0,0.0,1.0,0.0,0.0,0.0,1.0,0.0,0.0,1.0,1.0,0.0,4488354.44
-1.487760806452206,1.06681704104064,1.5834023677714681,1.0,0.0,0.0,0.0,0.0,0.0,0.0,0.0,1.0,0.0,0.0,0.0,1.0,1.0,4760558.18
1.4818216415561896,-1.4867467291154757,-1.7034470735016003,0.0,0.0,0.0,0.0,1.0,0.0,0.0,0.0,1.0,0.0,0.0,0.0,0.0,1.0,2958470.35
0.8879051519545104,0.24891107275964458,-0.20942460019566014,1.0,0.0,0.0,0.0,0.0,0.0,0.0,0.0,1.0,0.0,1.0,1.0,0.0,1.0,4624444.5
-0.893844316850527,-0.5982799414676956,1.28459787311028,0.0,0.0,1.0,0.0,0.0,0.0,0.0,0.0,1.0,0.0,1.0,1.0,0.0,0.0,4174766.37
1.4818216415561896,0.9766559940719711,-0.8070335895180363,0.0,0.0,0.0,0.0,0.0,0.0,0.0,1.0,0.0,0.0,0.0,0.0,0.0,0.0,5538071.48
-0.893844316850527,-0.503045894413833,-0.14966370126342254,0.0,0.0,1.0,0.0,0.0,0.0,0.0,0.0,0.0,1.0,1.0,1.0,0.0,0.0,3067557.19
-0.2999278272488479,-0.6547747151437159,-1.6436861745693627,0.0,0.0,0.0,0.0,0.0,0.0,0.0,1.0,0.0,0.0,0.0,0.0,0.0,0.0,2981308.02
0.2939886623528312,-0.20835070764667438,-0.687511791653561,0.0,0.0,0.0,0.0,1.0,0.0,0.0,0.0,0.0,1.0,1.0,1.0,0.0,1.0,4317563.13
1.4818216415561896,-1.1560793599260346,-1.5241643767048876,1.0,0.0,0.0,0.0,0.0,0.0,0.0,0.0,1.0,0.0,0.0,0.0,0.0,0.0,2526930.95
-0.2999278272488479,0.7338437627215658,1.165076075245805,0.0,0.0,0.0,0.0,1.0,0.0,0.0,0.0,0.0,0.0,0.0,0.0,0.0,0.0,6401987.75
1.4818216415561896,-0.5639218954361568,-0.5082290948568482,0.0,0.0,0.0,0.0,0.0,1.0,0.0,0.0,0.0,1.0,0.0,0.0,0.0,0.0,3546822.2
0.2939886623528312,2.3226151530390333,1.165076075245805,0.0,0.0,1.0,0.0,0.0,0.0,0.0,0.0,0.0,0.0,1.0,0.0,1.0,1.0,7824999.23
1.4818216415561896,-1.7895125978363513,0.1491407933977655,0.0,0.0,0.0,0.0,0.0,0.0,0.0,1.0,1.0,0.0,0.0,1.0,0.0,1.0,2478429.0
0.8879051519545104,-0.5546982589176229,1.1053151763135673,0.0,0.0,0.0,0.0,1.0,0.0,0.0,0.0,0.0,0.0,0.0,0.0,0.0,0.0,3097923.96
-0.2999278272488479,0.6582099432695873,1.6431632667037057,0.0,0.0,0.0,0.0,0.0,1.0,0.0,0.0,1.0,0.0,1.0,0.0,0.0,0.0,5783605.77
0.8879051519545104,0.8756571741940248,0.8065106816523792,0.0,0.0,0.0,1.0,0.0,0.0,0.0,0.0,0.0,0.0,0.0,0.0,1.0,0.0,6720677.17
-0.893844316850527,-0.9075023557515454,1.7626850645681809,0.0,0.0,0.0,0.0,0.0,0.0,0.0,1.0,0.0,0.0,0.0,0.0,0.0,0.0,2811493.06
0.2939886623528312,0.011402432407396149,1.0455542773813296,0.0,0.0,0.0,0.0,0.0,1.0,0.0,0.0,0.0,1.0,0.0,1.0,0.0,0.0,3190317.0
0.8879051519545104,-0.8385556727755044,-1.6436861745693627,0.0,0.0,0.0,0.0,0.0,0.0,1.0,0.0,1.0,0.0,0.0,1.0,1.0,1.0,6948472.08
0.8879051519545104,0.004023523192569432,-0.14966370126342254,0.0,0.0,0.0,0.0,0.0,1.0,0.0,0.0,1.0,1.0,0.0,0.0,0.0,0.0,3463265.48
-0.893844316850527,-0.19336229830405677,0.8662715805846168,0.0,1.0,0.0,0.0,0.0,0.0,0.0,0.0,1.0,0.0,1.0,1.0,1.0,0.0,5218703.54
-1.487760806452206,-0.9257190378756498,0.0893798944655279,1.0,0.0,0.0,0.0,0.0,0.0,0.0,0.0,0.0,0.0,0.0,1.0,0.0,0.0,2628067.82
0.2939886623528312,1.0423744042665253,1.7029241656359433,0.0,0.0,0.0,0.0,0.0,0.0,0.0,1.0,0.0,0.0,1.0,0.0,0.0,0.0,5275091.7
0.8879051519545104,-1.0758337222147893,0.32842349019447836,1.0,0.0,0.0,0.0,0.0,0.0,0.0,0.0,0.0,0.0,0.0,1.0,1.0,0.0,2242054.81
-1.487760806452206,0.011402432407396149,-0.030141903398947317,0.0,0.0,0.0,0.0,0.0,0.0,0.0,1.0,0.0,0.0,1.0,1.0,1.0,0.0,4657916.51
1.4818216415561896,0.6667418070492312,-1.6436861745693627,0.0,0.0,0.0,0.0,1.0,0.0,0.0,0.0,0.0,0.0,1.0,0.0,0.0,0.0,5188951.53
-1.487760806452206,0.03423093279076781,-0.6277508927213235,1.0,0.0,0.0,0.0,0.0,0.0,0.0,0.0,0.0,0.0,1.0,0.0,0.0,0.0,4291642.2
-1.487760806452206,1.1272318602370373,-0.030141903398947317,0.0,0.0,0.0,0.0,1.0,0.0,0.0,0.0,0.0,0.0,0.0,0.0,0.0,0.0,4747695.28
-0.2999278272488479,-0.7403239438531181,-1.1058380841792244,0.0,0.0,1.0,0.0,0.0,0.0,0.0,0.0,0.0,1.0,1.0,0.0,0.0,0.0,2809255.38
-1.487760806452206,1.6439860961878998,-0.7472726905857986,0.0,0.0,0.0,0.0,0.0,0.0,0.0,1.0,1.0,0.0,1.0,0.0,1.0,0.0,8813542.07
0.2939886623528312,-0.3852139378895624,-0.388707296992373,0.0,0.0,0.0,0.0,0.0,1.0,0.0,0.0,0.0,1.0,0.0,1.0,0.0,0.0,2675150.31
-0.2999278272488479,0.6464498067084568,1.0455542773813296,0.0,0.0,0.0,0.0,0.0,0.0,0.0,1.0,0.0,0.0,0.0,0.0,0.0,0.0,5499507.51
0.8879051519545104,1.9834159200699488,-1.5839252756371252,0.0,0.0,0.0,0.0,0.0,1.0,0.0,0.0,1.0,0.0,0.0,0.0,0.0,0.0,5300311.0
0.2939886623528312,-2.0664522843053326,-0.20942460019566014,0.0,0.0,0.0,0.0,0.0,0.0,0.0,1.0,0.0,0.0,0.0,0.0,0.0,0.0,1386881.87
0.2939886623528312,-1.094742177077784,-1.285120780975937,0.0,1.0,0.0,0.0,0.0,0.0,0.0,0.0,0.0,1.0,1.0,1.0,0.0,1.0,3123561.51
-1.487760806452206,1.4627416385987086,-1.7034470735016003,0.0,0.0,1.0,0.0,0.0,0.0,0.0,0.0,1.0,0.0,0.0,0.0,1.0,1.0,9523109.19
0.8879051519545104,-2.0664522843053326,1.3443587720425176,0.0,0.0,1.0,0.0,0.0,0.0,0.0,0.0,0.0,0.0,1.0,0.0,0.0,0.0,900635.37
-0.893844316850527,-0.5404016223138954,0.5077061869911912,1.0,0.0,0.0,0.0,0.0,0.0,0.0,0.0,1.0,0.0,0.0,0.0,0.0,0.0,3370009.86
-0.2999278272488479,-0.43479098417668194,-0.030141903398947317,0.0,0.0,0.0,0.0,0.0,0.0,0.0,1.0,0.0,0.0,0.0,0.0,0.0,0.0,3632435.89
0.8879051519545104,0.49587394054339057,0.8065106816523792,1.0,0.0,0.0,0.0,0.0,0.0,0.0,0.0,1.0,0.0,0.0,0.0,1.0,0.0,4989881.06
-0.2999278272488479,0.4345367576951397,-0.030141903398947317,0.0,0.0,0.0,0.0,0.0,1.0,0.0,0.0,1.0,1.0,0.0,0.0,1.0,1.0,4681966.04
-0.893844316850527,1.5379142762247597,1.6431632667037057,1.0,0.0,0.0,0.0,0.0,0.0,0.0,0.0,1.0,0.0,0.0,0.0,1.0,0.0,6031252.64
-1.487760806452206,-0.1705337979206851,-0.32894639806013537,0.0,0.0,0.0,0.0,0.0,0.0,0.0,1.0,1.0,1.0,1.0,1.0,0.0,0.0,5413322.88
-1.487760806452206,0.2929539371356444,0.9857933784490921,0.0,0.0,0.0,0.0,1.0,0.0,0.0,0.0,0.0,0.0,0.0,0.0,1.0,0.0,4630243.58
-0.893844316850527,-1.0214142667554391,0.44794528805895356,0.0,0.0,0.0,0.0,0.0,0.0,1.0,0.0,0.0,0.0,0.0,0.0,0.0,0.0,4564514.42
-0.893844316850527,-0.7207237162512334,-1.0460771852469868,0.0,0.0,0.0,0.0,0.0,0.0,1.0,0.0,0.0,1.0,1.0,0.0,0.0,0.0,5189406.2
0.2939886623528312,-0.14816647936324023,-1.1058380841792244,0.0,0.0,1.0,0.0,0.0,0.0,0.0,0.0,0.0,0.0,1.0,1.0,0.0,1.0,4433372.26
-1.487760806452206,-1.809112825438236,-0.687511791653561,0.0,0.0,1.0,0.0,0.0,0.0,0.0,0.0,0.0,0.0,0.0,0.0,0.0,0.0,1377108.35
-1.487760806452206,-0.5484723042676126,1.4041196709747552,0.0,0.0,0.0,0.0,1.0,0.0,0.0,0.0,0.0,0.0,0.0,0.0,0.0,0.0,3620347.62
-1.487760806452206,-0.025722704579702667,-0.030141903398947317,0.0,0.0,0.0,1.0,0.0,0.0,0.0,0.0,0.0,1.0,1.0,0.0,1.0,1.0,8146668.8
0.8879051519545104,-0.21941907146891498,0.26866259126224074,1.0,0.0,0.0,0.0,0.0,0.0,0.0,0.0,1.0,1.0,1.0,1.0,0.0,0.0,5026156.89
-0.2999278272488479,0.32385311947273265,-1.7034470735016003,0.0,0.0,0.0,0.0,0.0,0.0,0.0,1.0,1.0,0.0,0.0,0.0,1.0,0.0,6547202.26
0.8879051519545104,0.16428420770209629,-0.7472726905857986,0.0,0.0,0.0,0.0,1.0,0.0,0.0,0.0,0.0,1.0,0.0,1.0,1.0,1.0,5944180.91
0.8879051519545104,-0.4707631665989643,-1.46440347777265,0.0,0.0,0.0,0.0,0.0,0.0,0.0,1.0,0.0,0.0,0.0,0.0,0.0,0.0,3612317.66
-0.2999278272488479,0.011402432407396149,-0.030141903398947317,0.0,1.0,0.0,0.0,0.0,0.0,0.0,0.0,0.0,0.0,1.0,0.0,0.0,0.0,6630687.88
-0.2999278272488479,0.006790614148129189,-0.5679899937890858,0.0,1.0,0.0,0.0,0.0,0.0,0.0,0.0,0.0,0.0,1.0,0.0,1.0,1.0,6219225.9
1.4818216415561896,1.0956409051610585,-1.2253598820436995,0.0,0.0,0.0,0.0,0.0,0.0,1.0,0.0,0.0,0.0,1.0,0.0,0.0,0.0,11010051.77
1.4818216415561896,0.050602887611165305,-1.165598983111462,0.0,0.0,0.0,0.0,0.0,0.0,1.0,0.0,0.0,0.0,0.0,0.0,0.0,0.0,5974261.56
0.2939886623528312,0.9870325851553218,-0.030141903398947317,0.0,0.0,0.0,0.0,0.0,1.0,0.0,0.0,0.0,1.0,0.0,0.0,1.0,0.0,5331329.24
-0.893844316850527,1.256823953322439,-1.5839252756371252,0.0,0.0,0.0,0.0,1.0,0.0,0.0,0.0,0.0,0.0,1.0,0.0,1.0,0.0,6934644.17
1.4818216415561896,-1.4613817286895072,-0.388707296992373,0.0,0.0,0.0,0.0,1.0,0.0,0.0,0.0,0.0,0.0,1.0,1.0,1.0,1.0,2127654.48
-1.487760806452206,0.9033280837496266,-0.44846819592461057,0.0,0.0,0.0,0.0,1.0,0.0,0.0,0.0,1.0,0.0,0.0,0.0,1.0,0.0,7170247.96
-0.2999278272488479,1.5828795042526127,0.9260324795168544,0.0,0.0,1.0,0.0,0.0,0.0,0.0,0.0,0.0,0.0,0.0,0.0,0.0,0.0,6003110.23
1.4818216415561896,-0.40296943818774,0.26866259126224074,0.0,0.0,0.0,0.0,0.0,0.0,0.0,1.0,0.0,1.0,0.0,0.0,0.0,1.0,3644740.93
-0.893844316850527,0.7119376259900477,-1.3448816799081746,0.0,1.0,0.0,0.0,0.0,0.0,0.0,0.0,0.0,0.0,0.0,0.0,0.0,0.0,7716548.74
-0.893844316850527,0.741914444675283,-0.08990280233118493,0.0,0.0,1.0,0.0,0.0,0.0,0.0,0.0,0.0,0.0,0.0,1.0,0.0,1.0,7471702.37
1.4818216415561896,-1.8171835073919531,-1.6436861745693627,1.0,0.0,0.0,0.0,0.0,0.0,0.0,0.0,0.0,1.0,0.0,0.0,0.0,0.0,1208931.66
0.2939886623528312,-1.1180318592870822,-1.6436861745693627,0.0,0.0,0.0,1.0,0.0,0.0,0.0,0.0,0.0,1.0,0.0,1.0,1.0,1.0,3799026.52
-1.487760806452206,0.6111693970250646,0.1491407933977655,0.0,1.0,0.0,0.0,0.0,0.0,0.0,0.0,0.0,0.0,0.0,0.0,0.0,0.0,7569806.88
0.8879051519545104,0.4119388482247317,1.7029241656359433,0.0,0.0,0.0,0.0,0.0,0.0,1.0,0.0,1.0,0.0,1.0,0.0,0.0,0.0,7694440.92
0.8879051519545104,0.5110929407989714,-0.08990280233118493,0.0,0.0,0.0,0.0,1.0,0.0,0.0,0.0,1.0,1.0,0.0,1.0,0.0,0.0,4399830.04
0.8879051519545104,1.8469060995956461,-0.030141903398947317,0.0,0.0,0.0,0.0,0.0,1.0,0.0,0.0,0.0,1.0,0.0,1.0,1.0,1.0,6628965.8
0.2939886623528312,1.474501775159839,1.28459787311028,0.0,0.0,0.0,0.0,0.0,1.0,0.0,0.0,0.0,0.0,0.0,0.0,0.0,0.0,4059848.17
-0.893844316850527,-0.3236461641283484,0.2089016923300031,0.0,0.0,0.0,0.0,0.0,0.0,0.0,1.0,0.0,0.0,1.0,1.0,1.0,0.0,4190069.37
-1.487760806452206,-0.9259496287886132,0.8065106816523792,0.0,0.0,0.0,0.0,1.0,0.0,0.0,0.0,0.0,0.0,0.0,0.0,0.0,0.0,2699164.65
0.8879051519545104,0.6462192157954936,1.5834023677714681,0.0,0.0,0.0,0.0,0.0,0.0,1.0,0.0,0.0,1.0,1.0,0.0,0.0,1.0,11841969.39
-1.487760806452206,-0.5802938502565546,-1.46440347777265,0.0,0.0,1.0,0.0,0.0,0.0,0.0,0.0,0.0,0.0,0.0,0.0,0.0,0.0,2884063.37
0.8879051519545104,-0.08890461473166023,-0.687511791653561,0.0,1.0,0.0,0.0,0.0,0.0,0.0,0.0,0.0,1.0,1.0,0.0,1.0,0.0,6585561.47
-1.487760806452206,0.1278508434538869,0.32842349019447836,0.0,0.0,0.0,0.0,0.0,0.0,1.0,0.0,1.0,0.0,0.0,1.0,1.0,0.0,7791477.97
0.8879051519545104,0.38887975692839694,1.4041196709747552,0.0,0.0,0.0,0.0,0.0,0.0,1.0,0.0,0.0,0.0,0.0,0.0,0.0,1.0,9346094.3
1.4818216415561896,0.04114866017966825,-0.030141903398947317,1.0,0.0,0.0,0.0,0.0,0.0,0.0,0.0,0.0,0.0,0.0,0.0,0.0,0.0,3181645.69
-1.487760806452206,0.9579781301219397,-1.5241643767048876,0.0,0.0,0.0,0.0,0.0,0.0,0.0,1.0,0.0,0.0,0.0,1.0,0.0,0.0,5754478.6
1.4818216415561896,-1.1742960420501392,0.1491407933977655,0.0,0.0,0.0,1.0,0.0,0.0,0.0,0.0,1.0,1.0,0.0,0.0,1.0,1.0,2704270.97
0.2939886623528312,0.08496093364270436,-0.9265553873825114,0.0,0.0,0.0,0.0,0.0,1.0,0.0,0.0,0.0,0.0,0.0,0.0,0.0,0.0,3642952.73
1.4818216415561896,1.8540544178975102,0.686988883787904,1.0,0.0,0.0,0.0,0.0,0.0,0.0,0.0,1.0,0.0,0.0,0.0,0.0,1.0,7585624.59
0.8879051519545104,-0.8740666733718598,1.2248369741780425,0.0,1.0,0.0,0.0,0.0,0.0,0.0,0.0,0.0,0.0,0.0,0.0,0.0,0.0,2767642.33
-0.2999278272488479,-0.24293934459117658,0.6272279848556663,0.0,0.0,0.0,1.0,0.0,0.0,0.0,0.0,0.0,0.0,1.0,0.0,0.0,0.0,4955114.4
0.8879051519545104,-1.2049646334742643,0.6272279848556663,0.0,0.0,0.0,0.0,1.0,0.0,0.0,0.0,0.0,1.0,1.0,0.0,0.0,0.0,2257272.63
-1.487760806452206,0.011402432407396149,1.7029241656359433,0.0,0.0,0.0,0.0,1.0,0.0,0.0,0.0,0.0,0.0,1.0,0.0,0.0,0.0,3982786.95
-0.893844316850527,-0.49220812150455556,-1.1058380841792244,0.0,0.0,0.0,0.0,0.0,0.0,0.0,1.0,1.0,1.0,0.0,1.0,0.0,1.0,4823246.06
-1.487760806452206,-1.6128799585064268,1.7626850645681809,0.0,1.0,0.0,0.0,0.0,0.0,0.0,0.0,0.0,0.0,0.0,0.0,0.0,0.0,1904531.47
0.8879051519545104,0.5196248045786154,-0.5082290948568482,0.0,1.0,0.0,0.0,0.0,0.0,0.0,0.0,0.0,0.0,1.0,1.0,0.0,0.0,7315412.58
0.8879051519545104,-2.050080329484935,-0.8667944884502738,0.0,0.0,0.0,0.0,0.0,0.0,0.0,1.0,0.0,1.0,0.0,0.0,1.0,1.0,1015073.75
-1.487760806452206,2.491638292241167,-0.9863162863147491,0.0,0.0,0.0,0.0,0.0,1.0,0.0,0.0,1.0,1.0,0.0,0.0,1.0,0.0,8317893.37
0.2939886623528312,1.2881843174854541,1.28459787311028,1.0,0.0,0.0,0.0,0.0,0.0,0.0,0.0,0.0,1.0,1.0,0.0,1.0,1.0,6218105.39
0.8879051519545104,0.6060963969398708,1.7626850645681809,0.0,1.0,0.0,0.0,0.0,0.0,0.0,0.0,0.0,0.0,0.0,1.0,1.0,1.0,6815864.33
-0.2999278272488479,-0.6808314883085743,0.38818438912671593,0.0,0.0,0.0,0.0,1.0,0.0,0.0,0.0,0.0,0.0,0.0,0.0,0.0,0.0,2942635.78
-1.487760806452206,-0.0022024314574410685,-1.5241643767048876,0.0,0.0,0.0,0.0,1.0,0.0,0.0,0.0,0.0,0.0,0.0,0.0,0.0,0.0,5467574.29
0.2939886623528312,1.4878760481117137,0.38818438912671593,0.0,0.0,1.0,0.0,0.0,0.0,0.0,0.0,0.0,0.0,0.0,0.0,0.0,0.0,7770425.24
1.4818216415561896,0.1884962535632478,-0.8667944884502738,0.0,1.0,0.0,0.0,0.0,0.0,0.0,0.0,1.0,0.0,1.0,1.0,0.0,1.0,7168856.97
0.2939886623528312,0.011402432407396149,0.26866259126224074,0.0,0.0,1.0,0.0,0.0,0.0,0.0,0.0,0.0,0.0,0.0,0.0,0.0,0.0,8421471.19
0.8879051519545104,1.64329432344901,1.463880569906993,0.0,0.0,0.0,0.0,0.0,0.0,1.0,0.0,0.0,0.0,0.0,0.0,0.0,0.0,15569370.22
-0.893844316850527,1.6442166871008637,0.44794528805895356,0.0,0.0,0.0,0.0,1.0,0.0,0.0,0.0,1.0,1.0,1.0,1.0,0.0,0.0,9429633.83
-0.2999278272488479,-0.15070297940583738,-1.3448816799081746,0.0,1.0,0.0,0.0,0.0,0.0,0.0,0.0,0.0,0.0,0.0,0.0,1.0,0.0,6361277.16
0.8879051519545104,0.8076328548698372,-0.9265553873825114,0.0,0.0,0.0,0.0,0.0,0.0,1.0,0.0,0.0,0.0,0.0,0.0,0.0,0.0,8828298.75
0.8879051519545104,1.042835586092452,-1.1058380841792244,0.0,0.0,1.0,0.0,0.0,0.0,0.0,0.0,1.0,0.0,0.0,0.0,1.0,1.0,4954836.13
1.4818216415561896,0.011402432407396149,0.5077061869911912,0.0,0.0,0.0,0.0,0.0,0.0,0.0,1.0,0.0,0.0,0.0,0.0,0.0,0.0,2299759.7
-0.893844316850527,0.9363025843033852,0.8662715805846168,0.0,1.0,0.0,0.0,0.0,0.0,0.0,0.0,0.0,0.0,0.0,0.0,0.0,0.0,7339929.52
-0.2999278272488479,-2.0664522843053326,-0.44846819592461057,0.0,0.0,0.0,0.0,0.0,1.0,0.0,0.0,0.0,0.0,0.0,0.0,0.0,1.0,791373.13
0.8879051519545104,1.8748076000642115,0.6272279848556663,0.0,0.0,0.0,1.0,0.0,0.0,0.0,0.0,0.0,0.0,0.0,0.0,0.0,0.0,12305852.74
1.4818216415561896,1.150752133359299,-0.030141903398947317,0.0,0.0,0.0,0.0,0.0,0.0,0.0,1.0,0.0,1.0,0.0,1.0,1.0,1.0,6901613.22
0.2939886623528312,-0.23625220811523928,-1.7034470735016003,0.0,0.0,0.0,0.0,0.0,1.0,0.0,0.0,0.0,0.0,1.0,1.0,1.0,1.0,3480728.04
-0.893844316850527,0.4760431220285423,-0.8070335895180363,0.0,0.0,0.0,0.0,0.0,1.0,0.0,0.0,0.0,1.0,0.0,0.0,0.0,0.0,3900025.02
-0.2999278272488479,1.0096304946257297,1.5236414688392306,0.0,0.0,0.0,0.0,0.0,0.0,0.0,1.0,0.0,0.0,0.0,0.0,0.0,0.0,5869053.24
-0.2999278272488479,0.011402432407396149,1.28459787311028,0.0,0.0,0.0,0.0,0.0,0.0,0.0,1.0,0.0,1.0,1.0,0.0,0.0,0.0,4380145.1
1.4818216415561896,0.011402432407396149,0.2089016923300031,0.0,0.0,1.0,0.0,0.0,0.0,0.0,0.0,0.0,1.0,0.0,0.0,1.0,1.0,4480322.86
-1.487760806452206,1.7832630076177622,1.2248369741780425,0.0,0.0,0.0,0.0,0.0,0.0,1.0,0.0,0.0,0.0,0.0,1.0,0.0,0.0,16237000.91
-1.487760806452206,-0.8247202179977035,-0.9863162863147491,1.0,0.0,0.0,0.0,0.0,0.0,0.0,0.0,1.0,0.0,0.0,0.0,0.0,0.0,2216608.67
-0.893844316850527,-0.08383161464646646,0.2089016923300031,0.0,1.0,0.0,0.0,0.0,0.0,0.0,0.0,0.0,1.0,1.0,0.0,1.0,1.0,7461959.09
-0.2999278272488479,-0.3785268014136251,0.8065106816523792,0.0,0.0,0.0,0.0,0.0,0.0,1.0,0.0,0.0,0.0,0.0,0.0,0.0,0.0,5261876.81
0.2939886623528312,0.15229348022800207,-0.20942460019566014,0.0,0.0,0.0,0.0,0.0,1.0,0.0,0.0,1.0,0.0,0.0,1.0,0.0,1.0,3844603.87
-0.2999278272488479,-0.049012386789000606,-0.8070335895180363,0.0,0.0,0.0,1.0,0.0,0.0,0.0,0.0,0.0,0.0,0.0,0.0,0.0,0.0,4622964.19
-0.893844316850527,0.6100164424602479,-0.8070335895180363,0.0,0.0,0.0,0.0,0.0,0.0,1.0,0.0,0.0,0.0,0.0,0.0,0.0,0.0,6717337.78
0.2939886623528312,1.531227139748823,-0.5679899937890858,0.0,1.0,0.0,0.0,0.0,0.0,0.0,0.0,0.0,0.0,0.0,0.0,0.0,0.0,9280483.39
1.4818216415561896,1.252442725976135,-0.687511791653561,0.0,0.0,0.0,0.0,0.0,0.0,1.0,0.0,0.0,0.0,0.0,0.0,0.0,0.0,7846805.49
-0.2999278272488479,-0.8194166269995465,-1.7034470735016003,0.0,1.0,0.0,0.0,0.0,0.0,0.0,0.0,0.0,1.0,0.0,1.0,0.0,1.0,3345153.54
-0.2999278272488479,-0.09005756929647697,-1.5839252756371252,0.0,0.0,0.0,1.0,0.0,0.0,0.0,0.0,0.0,0.0,0.0,0.0,0.0,0.0,4406477.42
-0.893844316850527,-0.9434745381738276,0.26866259126224074,0.0,0.0,1.0,0.0,0.0,0.0,0.0,0.0,0.0,0.0,0.0,0.0,0.0,0.0,2860482.28
0.2939886623528312,1.7788817802714585,0.5077061869911912,0.0,1.0,0.0,0.0,0.0,0.0,0.0,0.0,0.0,0.0,0.0,0.0,0.0,0.0,7864895.92
-0.2999278272488479,-0.048090023137147525,-1.3448816799081746,0.0,0.0,0.0,0.0,0.0,0.0,1.0,0.0,1.0,0.0,0.0,0.0,0.0,0.0,10038462.13
0.2939886623528312,0.011402432407396149,-1.7034470735016003,0.0,0.0,0.0,1.0,0.0,0.0,0.0,0.0,1.0,1.0,1.0,0.0,0.0,1.0,6882000.0
0.2939886623528312,1.1286154057148172,-1.2253598820436995,0.0,0.0,0.0,0.0,0.0,0.0,0.0,1.0,0.0,0.0,0.0,0.0,1.0,0.0,8973734.17
0.2939886623528312,0.23323089067813702,0.5077061869911912,0.0,0.0,1.0,0.0,0.0,0.0,0.0,0.0,0.0,1.0,1.0,0.0,0.0,0.0,4353504.94
0.2939886623528312,0.12047193423906016,-0.44846819592461057,0.0,0.0,0.0,1.0,0.0,0.0,0.0,0.0,0.0,1.0,1.0,1.0,0.0,1.0,6567171.34
-1.487760806452206,2.361815608242803,0.8662715805846168,1.0,0.0,0.0,0.0,0.0,0.0,0.0,0.0,1.0,1.0,0.0,1.0,1.0,0.0,9124629.82
-1.487760806452206,0.07320079708157383,-0.32894639806013537,0.0,0.0,0.0,0.0,1.0,0.0,0.0,0.0,0.0,1.0,1.0,1.0,0.0,1.0,4787628.58
0.8879051519545104,0.27842670961895355,1.165076075245805,1.0,0.0,0.0,0.0,0.0,0.0,0.0,0.0,1.0,1.0,0.0,1.0,1.0,0.0,4306223.64
0.8879051519545104,-0.9773714023794399,-0.44846819592461057,0.0,0.0,1.0,0.0,0.0,0.0,0.0,0.0,0.0,0.0,0.0,0.0,0.0,0.0,2492917.88
1.4818216415561896,0.11493775232793961,-0.32894639806013537,0.0,0.0,0.0,1.0,0.0,0.0,0.0,0.0,0.0,0.0,0.0,0.0,0.0,0.0,5615900.92
-0.893844316850527,-0.14470761566879,-1.5839252756371252,0.0,0.0,0.0,1.0,0.0,0.0,0.0,0.0,1.0,1.0,0.0,0.0,1.0,0.0,6758887.43
-1.487760806452206,-1.4417815010876227,-0.08990280233118493,0.0,0.0,0.0,1.0,0.0,0.0,0.0,0.0,0.0,1.0,0.0,1.0,1.0,0.0,2634602.88
0.8879051519545104,1.2286918619409104,1.3443587720425176,1.0,0.0,0.0,0.0,0.0,0.0,0.0,0.0,0.0,0.0,0.0,0.0,0.0,0.0,7069690.67
-1.487760806452206,0.13015675258352036,1.8224459635004187,1.0,0.0,0.0,0.0,0.0,0.0,0.0,0.0,0.0,0.0,0.0,0.0,0.0,1.0,5071595.0
0.8879051519545104,1.3209282271262497,-1.5839252756371252,0.0,0.0,0.0,0.0,0.0,0.0,0.0,1.0,1.0,1.0,0.0,1.0,0.0,0.0,8087903.97
0.8879051519545104,0.49495157689153696,-0.5679899937890858,0.0,0.0,0.0,0.0,0.0,0.0,0.0,1.0,1.0,1.0,0.0,0.0,1.0,1.0,5445120.2
0.2939886623528312,-0.8134212632624994,1.165076075245805,0.0,0.0,0.0,0.0,0.0,0.0,0.0,1.0,0.0,1.0,0.0,1.0,0.0,1.0,2757505.26
0.2939886623528312,0.7993315820031563,0.38818438912671593,0.0,0.0,0.0,0.0,0.0,0.0,0.0,1.0,0.0,0.0,1.0,1.0,0.0,0.0,6606874.48
1.4818216415561896,0.6344590792343625,-1.7034470735016003,0.0,0.0,1.0,0.0,0.0,0.0,0.0,0.0,1.0,0.0,1.0,1.0,1.0,0.0,5106561.23
-1.487760806452206,1.0626664046072998,-1.6436861745693627,0.0,0.0,0.0,0.0,0.0,0.0,0.0,1.0,0.0,0.0,0.0,1.0,0.0,0.0,6516691.66
0.8879051519545104,0.43914857595440665,-0.030141903398947317,1.0,0.0,0.0,0.0,0.0,0.0,0.0,0.0,0.0,1.0,0.0,0.0,0.0,0.0,3996441.24
-0.2999278272488479,-1.7085751873862163,1.28459787311028,0.0,0.0,0.0,0.0,0.0,0.0,1.0,0.0,1.0,1.0,1.0,0.0,1.0,0.0,1891673.17
-0.2999278272488479,1.5441402308747703,0.0893798944655279,0.0,0.0,1.0,0.0,0.0,0.0,0.0,0.0,1.0,0.0,1.0,0.0,0.0,1.0,7957808.57
-0.893844316850527,0.011402432407396149,-0.20942460019566014,0.0,0.0,0.0,0.0,0.0,0.0,0.0,1.0,0.0,0.0,0.0,0.0,0.0,0.0,5660311.0
0.2939886623528312,-0.2883657544449562,-1.5839252756371252,0.0,0.0,0.0,0.0,0.0,1.0,0.0,0.0,0.0,0.0,1.0,0.0,0.0,0.0,4452850.86
0.2939886623528312,-1.544855639182239,-0.030141903398947317,0.0,0.0,0.0,0.0,0.0,0.0,1.0,0.0,0.0,0.0,0.0,1.0,0.0,0.0,2753418.5
0.8879051519545104,-0.3944375744080963,-0.5082290948568482,0.0,0.0,0.0,1.0,0.0,0.0,0.0,0.0,0.0,1.0,0.0,0.0,0.0,0.0,5457592.25
-0.2999278272488479,-0.11749788793911506,-1.5241643767048876,0.0,1.0,0.0,0.0,0.0,0.0,0.0,0.0,0.0,1.0,0.0,1.0,1.0,0.0,7652782.63
-0.893844316850527,1.4719652751172425,-1.285120780975937,0.0,0.0,1.0,0.0,0.0,0.0,0.0,0.0,0.0,0.0,0.0,0.0,0.0,0.0,8701243.48
-0.2999278272488479,-0.1013565240316807,1.5236414688392306,0.0,0.0,0.0,0.0,0.0,1.0,0.0,0.0,0.0,1.0,0.0,0.0,0.0,0.0,3768197.04
1.4818216415561896,-0.23579102628931248,-0.9265553873825114,0.0,0.0,0.0,0.0,0.0,0.0,0.0,1.0,0.0,0.0,0.0,0.0,0.0,0.0,4042852.53
0.8879051519545104,-1.318876544478158,-0.6277508927213235,0.0,0.0,0.0,1.0,0.0,0.0,0.0,0.0,0.0,0.0,0.0,0.0,0.0,0.0,3696071.66
1.4818216415561896,-0.5613853953935599,-1.4046425788404124,0.0,0.0,0.0,0.0,0.0,0.0,1.0,0.0,1.0,0.0,0.0,1.0,1.0,1.0,6327494.24
1.4818216415561896,0.011402432407396149,1.28459787311028,0.0,0.0,1.0,0.0,0.0,0.0,0.0,0.0,0.0,1.0,0.0,0.0,1.0,0.0,2935445.29
-0.2999278272488479,-0.258388935759721,-1.3448816799081746,0.0,0.0,1.0,0.0,0.0,0.0,0.0,0.0,0.0,0.0,0.0,0.0,1.0,0.0,4591963.7
-0.2999278272488479,-0.4257979385711114,-1.3448816799081746,0.0,0.0,0.0,0.0,0.0,0.0,1.0,0.0,0.0,0.0,0.0,0.0,0.0,0.0,6596060.59
0.2939886623528312,0.835303764425439,0.44794528805895356,0.0,0.0,0.0,0.0,0.0,0.0,1.0,0.0,1.0,0.0,0.0,0.0,0.0,0.0,10885542.92
-1.487760806452206,-1.4221812734857382,-0.14966370126342254,0.0,1.0,0.0,0.0,0.0,0.0,0.0,0.0,0.0,0.0,1.0,1.0,1.0,1.0,2825934.74
-0.893844316850527,0.10479175215755208,-1.5839252756371252,0.0,0.0,0.0,0.0,0.0,0.0,0.0,1.0,0.0,0.0,0.0,0.0,0.0,0.0,4561682.35
0.2939886623528312,0.3529075745061148,0.6272279848556663,0.0,0.0,1.0,0.0,0.0,0.0,0.0,0.0,1.0,0.0,1.0,0.0,1.0,0.0,4066749.2
0.2939886623528312,1.5127798667117551,-0.030141903398947317,1.0,0.0,0.0,0.0,0.0,0.0,0.0,0.0,0.0,0.0,0.0,1.0,1.0,0.0,7542892.62
-1.487760806452206,0.2793490732708066,1.165076075245805,0.0,0.0,1.0,0.0,0.0,0.0,0.0,0.0,0.0,0.0,0.0,0.0,1.0,0.0,3873490.62
0.8879051519545104,1.9732699198995614,-1.5241643767048876,1.0,0.0,0.0,0.0,0.0,0.0,0.0,0.0,0.0,0.0,0.0,0.0,0.0,0.0,5921719.07
-0.893844316850527,1.2473697258909413,-1.6436861745693627,0.0,0.0,0.0,0.0,0.0,0.0,0.0,1.0,0.0,0.0,0.0,0.0,0.0,0.0,6383322.24
-1.487760806452206,1.185340770303801,1.6431632667037057,0.0,0.0,1.0,0.0,0.0,0.0,0.0,0.0,0.0,0.0,1.0,0.0,0.0,1.0,5637973.28
0.2939886623528312,-0.26000307215046403,-0.8070335895180363,0.0,0.0,0.0,0.0,0.0,0.0,1.0,0.0,1.0,0.0,0.0,0.0,0.0,0.0,8150410.32
1.4818216415561896,2.209856196599956,-1.6436861745693627,0.0,0.0,0.0,0.0,0.0,0.0,1.0,0.0,1.0,1.0,1.0,0.0,1.0,0.0,17264106.75
-1.487760806452206,0.8804995833662549,1.1053151763135673,0.0,0.0,0.0,0.0,0.0,0.0,1.0,0.0,1.0,1.0,0.0,0.0,0.0,0.0,10050555.24
0.8879051519545104,-0.2752220724060453,-0.9265553873825114,0.0,0.0,0.0,0.0,1.0,0.0,0.0,0.0,0.0,0.0,0.0,0.0,0.0,0.0,3717793.65
0.2939886623528312,-1.7671452792789069,1.28459787311028,0.0,0.0,0.0,1.0,0.0,0.0,0.0,0.0,0.0,0.0,0.0,0.0,0.0,1.0,1394625.62
0.8879051519545104,-0.5429381223564921,-1.46440347777265,0.0,1.0,0.0,0.0,0.0,0.0,0.0,0.0,0.0,0.0,0.0,0.0,0.0,0.0,6734681.71
-1.487760806452206,-0.03240984105563997,0.26866259126224074,1.0,0.0,0.0,0.0,0.0,0.0,0.0,0.0,0.0,0.0,0.0,0.0,0.0,1.0,3774401.65
0.8879051519545104,0.8512145374199096,-0.20942460019566014,0.0,0.0,1.0,0.0,0.0,0.0,0.0,0.0,0.0,0.0,1.0,0.0,0.0,0.0,5022826.83
-0.2999278272488479,-1.1883620877409034,1.165076075245805,0.0,0.0,0.0,0.0,0.0,0.0,0.0,1.0,0.0,0.0,0.0,0.0,0.0,0.0,1752076.63
-1.487760806452206,0.3450674834653608,1.28459787311028,0.0,0.0,1.0,0.0,0.0,0.0,0.0,0.0,0.0,0.0,1.0,1.0,1.0,0.0,5352274.0
0.8879051519545104,-2.0664522843053326,1.6431632667037057,0.0,0.0,1.0,0.0,0.0,0.0,0.0,0.0,0.0,0.0,0.0,0.0,0.0,0.0,535297.3
-0.2999278272488479,-0.693975170347485,0.1491407933977655,0.0,0.0,0.0,0.0,0.0,0.0,1.0,0.0,1.0,1.0,0.0,0.0,1.0,0.0,5726321.15
0.8879051519545104,0.6079411242435775,-0.5082290948568482,0.0,0.0,1.0,0.0,0.0,0.0,0.0,0.0,0.0,0.0,0.0,0.0,0.0,0.0,6057429.12
-0.893844316850527,0.011402432407396149,-0.030141903398947317,0.0,0.0,0.0,0.0,0.0,0.0,1.0,0.0,1.0,1.0,0.0,0.0,0.0,0.0,4005720.53
0.8879051519545104,-0.39651289262476613,-0.44846819592461057,0.0,0.0,0.0,0.0,0.0,0.0,1.0,0.0,0.0,0.0,0.0,0.0,0.0,0.0,5843658.08
-0.893844316850527,-0.015346113496352008,0.9857933784490921,1.0,0.0,0.0,0.0,0.0,0.0,0.0,0.0,1.0,0.0,0.0,0.0,0.0,0.0,3820988.05
-0.2999278272488479,-1.4482380466505964,-0.030141903398947317,0.0,0.0,0.0,0.0,1.0,0.0,0.0,0.0,0.0,1.0,0.0,1.0,1.0,1.0,2045985.58
-0.893844316850527,1.3296906818188567,0.6272279848556663,0.0,0.0,0.0,0.0,0.0,0.0,0.0,1.0,0.0,1.0,1.0,0.0,1.0,0.0,6613439.24
-1.487760806452206,-0.4211861203118445,0.5674670859234288,0.0,0.0,1.0,0.0,0.0,0.0,0.0,0.0,1.0,0.0,0.0,0.0,0.0,1.0,3643329.66
-0.893844316850527,0.2532923001059484,-0.9265553873825114,0.0,1.0,0.0,0.0,0.0,0.0,0.0,0.0,0.0,0.0,0.0,0.0,1.0,1.0,7044453.91
0.2939886623528312,1.212550498033476,-1.5241643767048876,0.0,0.0,0.0,0.0,0.0,0.0,0.0,1.0,0.0,0.0,0.0,0.0,1.0,0.0,5110535.98
0.2939886623528312,-1.913109327184706,-0.5679899937890858,0.0,0.0,1.0,0.0,0.0,0.0,0.0,0.0,0.0,0.0,1.0,1.0,1.0,1.0,1243040.54
-1.487760806452206,-1.589820867210092,-1.285120780975937,0.0,0.0,0.0,1.0,0.0,0.0,0.0,0.0,0.0,0.0,0.0,0.0,0.0,0.0,2750851.95
0.2939886623528312,-0.01626847714820561,-0.44846819592461057,0.0,0.0,1.0,0.0,0.0,0.0,0.0,0.0,0.0,1.0,1.0,0.0,1.0,1.0,4967558.07
1.4818216415561896,0.2159365722058859,-0.030141903398947317,0.0,0.0,0.0,0.0,0.0,0.0,1.0,0.0,1.0,0.0,1.0,0.0,1.0,1.0,8910731.23
-1.487760806452206,-0.210887207689271,1.8224459635004187,0.0,1.0,0.0,0.0,0.0,0.0,0.0,0.0,0.0,0.0,1.0,1.0,1.0,0.0,5136568.7
-1.487760806452206,0.11009534315570951,-0.030141903398947317,0.0,0.0,0.0,0.0,0.0,0.0,0.0,1.0,0.0,0.0,0.0,0.0,0.0,1.0,4144731.19
-0.893844316850527,-0.6942057612604484,-1.2253598820436995,0.0,0.0,1.0,0.0,0.0,0.0,0.0,0.0,1.0,0.0,1.0,1.0,0.0,0.0,3356556.21
-1.487760806452206,-0.48713512141936205,1.1053151763135673,1.0,0.0,0.0,0.0,0.0,0.0,0.0,0.0,0.0,0.0,1.0,0.0,1.0,1.0,3130963.97
0.2939886623528312,2.9274551177418946,0.38818438912671593,0.0,0.0,0.0,0.0,0.0,0.0,0.0,1.0,0.0,1.0,1.0,1.0,0.0,1.0,13887669.61
-1.487760806452206,-0.18413866178552285,-1.5241643767048876,0.0,0.0,0.0,0.0,0.0,0.0,1.0,0.0,0.0,0.0,0.0,0.0,0.0,0.0,6351903.89
0.2939886623528312,-0.5277191221009113,1.165076075245805,0.0,1.0,0.0,0.0,0.0,0.0,0.0,0.0,0.0,0.0,0.0,0.0,0.0,0.0,4887630.03
0.2939886623528312,0.10709766128718556,1.7029241656359433,0.0,1.0,0.0,0.0,0.0,0.0,0.0,0.0,0.0,0.0,1.0,0.0,1.0,0.0,5086454.84
-0.2999278272488479,0.011402432407396149,1.4041196709747552,0.0,0.0,1.0,0.0,0.0,0.0,0.0,0.0,1.0,1.0,1.0,1.0,0.0,0.0,3485022.46
-0.2999278272488479,0.011402432407396149,-1.4046425788404124,0.0,1.0,0.0,0.0,0.0,0.0,0.0,0.0,1.0,0.0,0.0,1.0,0.0,0.0,4587203.36
0.2939886623528312,2.395020699709525,-1.3448816799081746,0.0,0.0,0.0,0.0,0.0,0.0,0.0,1.0,0.0,1.0,0.0,0.0,0.0,1.0,13826829.6
-0.2999278272488479,0.012094205146286612,-0.388707296992373,1.0,0.0,0.0,0.0,0.0,0.0,0.0,0.0,1.0,0.0,1.0,1.0,0.0,1.0,3250195.43
-0.2999278272488479,0.9077093110959299,0.9857933784490921,0.0,1.0,0.0,0.0,0.0,0.0,0.0,0.0,0.0,0.0,0.0,0.0,0.0,0.0,7036041.09
-0.893844316850527,-2.0664522843053326,1.1053151763135673,0.0,0.0,0.0,0.0,1.0,0.0,0.0,0.0,1.0,1.0,0.0,1.0,0.0,0.0,1032942.18
-0.2999278272488479,-0.5581571226120732,-1.5839252756371252,0.0,0.0,0.0,0.0,1.0,0.0,0.0,0.0,0.0,1.0,1.0,1.0,0.0,1.0,3529236.24
-0.893844316850527,-0.1714561615725387,0.38818438912671593,1.0,0.0,0.0,0.0,0.0,0.0,0.0,0.0,0.0,1.0,0.0,1.0,1.0,1.0,3636711.96
0.8879051519545104,0.5652818053453581,1.5236414688392306,0.0,0.0,0.0,1.0,0.0,0.0,0.0,0.0,1.0,0.0,0.0,0.0,0.0,0.0,6818852.47
-0.893844316850527,1.1320742694092674,-0.32894639806013537,0.0,0.0,0.0,0.0,0.0,0.0,1.0,0.0,1.0,0.0,0.0,0.0,0.0,0.0,10264318.48
0.2939886623528312,0.786418490877209,-0.6277508927213235,0.0,0.0,0.0,0.0,1.0,0.0,0.0,0.0,0.0,1.0,0.0,0.0,1.0,0.0,5640876.77
-1.487760806452206,-2.0664522843053326,-0.030141903398947317,0.0,1.0,0.0,0.0,0.0,0.0,0.0,0.0,1.0,1.0,0.0,1.0,1.0,0.0,1138502.26
-1.487760806452206,0.39741162070804087,-0.14966370126342254,1.0,0.0,0.0,0.0,0.0,0.0,0.0,0.0,0.0,0.0,0.0,0.0,0.0,0.0,4311673.51
0.8879051519545104,-0.6718384427030039,-0.8070335895180363,0.0,0.0,0.0,0.0,0.0,0.0,0.0,1.0,1.0,0.0,0.0,1.0,0.0,1.0,4125079.99
1.4818216415561896,0.06697484243156333,1.165076075245805,0.0,0.0,0.0,0.0,1.0,0.0,0.0,0.0,1.0,1.0,0.0,0.0,1.0,0.0,4229380.58
1.4818216415561896,-1.6329413679342382,1.1053151763135673,0.0,0.0,0.0,0.0,0.0,0.0,0.0,1.0,1.0,1.0,0.0,0.0,0.0,0.0,1820534.08
1.4818216415561896,0.011402432407396149,-0.5679899937890858,1.0,0.0,0.0,0.0,0.0,0.0,0.0,0.0,0.0,0.0,0.0,0.0,0.0,0.0,747830.62
-0.893844316850527,-0.2676125722782549,-0.32894639806013537,0.0,0.0,0.0,0.0,0.0,1.0,0.0,0.0,0.0,0.0,0.0,0.0,0.0,1.0,3463239.94
0.2939886623528312,-0.9344814925682572,1.8224459635004187,0.0,0.0,0.0,0.0,0.0,0.0,1.0,0.0,1.0,1.0,1.0,0.0,0.0,1.0,3940180.07
0.8879051519545104,0.9113987657033438,1.165076075245805,0.0,0.0,0.0,0.0,0.0,1.0,0.0,0.0,0.0,0.0,0.0,0.0,1.0,0.0,4865258.18
0.8879051519545104,1.53722250348587,-1.285120780975937,0.0,0.0,0.0,0.0,0.0,0.0,0.0,1.0,0.0,0.0,0.0,1.0,0.0,1.0,7709300.99
0.2939886623528312,1.4625110476857455,1.6431632667037057,0.0,0.0,0.0,0.0,0.0,0.0,0.0,1.0,0.0,0.0,0.0,1.0,0.0,0.0,6441699.18
-0.893844316850527,-0.5992023051195492,1.7626850645681809,0.0,0.0,0.0,0.0,0.0,0.0,0.0,1.0,1.0,0.0,0.0,1.0,0.0,0.0,4495546.23
-0.2999278272488479,-1.3119588170892575,1.5834023677714681,0.0,0.0,0.0,1.0,0.0,0.0,0.0,0.0,0.0,0.0,0.0,0.0,0.0,0.0,3927889.37
1.4818216415561896,0.22838848150590693,-1.7034470735016003,1.0,0.0,0.0,0.0,0.0,0.0,0.0,0.0,0.0,0.0,0.0,1.0,1.0,1.0,3697159.36
-0.893844316850527,-0.004508340587074548,1.165076075245805,0.0,0.0,0.0,0.0,0.0,1.0,0.0,0.0,0.0,0.0,1.0,1.0,0.0,0.0,4589638.62
1.4818216415561896,-0.38982575614882936,0.7467497827201416,0.0,0.0,1.0,0.0,0.0,0.0,0.0,0.0,1.0,0.0,0.0,0.0,0.0,1.0,3850217.73
0.8879051519545104,0.6835749436955555,-1.46440347777265,0.0,0.0,0.0,0.0,0.0,1.0,0.0,0.0,0.0,1.0,0.0,0.0,0.0,0.0,4259496.25
-1.487760806452206,0.4859585312859667,-1.3448816799081746,0.0,0.0,0.0,0.0,0.0,1.0,0.0,0.0,0.0,1.0,0.0,0.0,0.0,0.0,3832925.83
-1.487760806452206,-0.23994166272265316,1.6431632667037057,0.0,0.0,0.0,1.0,0.0,0.0,0.0,0.0,0.0,0.0,0.0,1.0,0.0,0.0,4564956.31
-0.893844316850527,1.6336095051045492,-0.8070335895180363,1.0,0.0,0.0,0.0,0.0,0.0,0.0,0.0,0.0,0.0,0.0,0.0,0.0,0.0,6139022.44
-0.2999278272488479,-0.8440898546866247,0.02961899553329029,0.0,0.0,0.0,0.0,0.0,1.0,0.0,0.0,0.0,0.0,0.0,0.0,1.0,0.0,1843748.62
-0.2999278272488479,0.20025639012437835,0.0893798944655279,0.0,0.0,0.0,0.0,0.0,0.0,1.0,0.0,1.0,0.0,1.0,1.0,1.0,0.0,10122648.93
-1.487760806452206,0.8157035368235543,0.02961899553329029,0.0,0.0,1.0,0.0,0.0,0.0,0.0,0.0,0.0,0.0,0.0,0.0,0.0,0.0,6009725.92
0.2939886623528312,0.7921832637012928,0.7467497827201416,0.0,0.0,0.0,0.0,1.0,0.0,0.0,0.0,1.0,0.0,0.0,0.0,0.0,0.0,5047848.5
-1.487760806452206,-0.4712243484248911,-0.6277508927213235,0.0,0.0,1.0,0.0,0.0,0.0,0.0,0.0,1.0,0.0,0.0,1.0,1.0,1.0,3725696.08
1.4818216415561896,1.5017115028895147,0.7467497827201416,0.0,0.0,0.0,0.0,0.0,0.0,0.0,1.0,0.0,0.0,0.0,0.0,0.0,0.0,8579046.38
0.2939886623528312,-0.18229393448181616,0.6272279848556663,0.0,0.0,1.0,0.0,0.0,0.0,0.0,0.0,0.0,0.0,0.0,0.0,0.0,0.0,3323380.62
-0.2999278272488479,0.8290778097754284,-1.165598983111462,1.0,0.0,0.0,0.0,0.0,0.0,0.0,0.0,0.0,1.0,0.0,0.0,0.0,0.0,6969323.82
0.2939886623528312,1.358975727765202,0.38818438912671593,0.0,1.0,0.0,0.0,0.0,0.0,0.0,0.0,0.0,0.0,0.0,0.0,1.0,0.0,11548365.42
0.2939886623528312,0.7721218542734813,-0.14966370126342254,0.0,0.0,0.0,0.0,0.0,0.0,0.0,1.0,1.0,0.0,0.0,1.0,1.0,0.0,7614558.28
-1.487760806452206,1.0555180863054363,-0.6277508927213235,0.0,0.0,0.0,0.0,0.0,0.0,1.0,0.0,1.0,0.0,1.0,0.0,0.0,0.0,10248338.51
0.2939886623528312,0.31462948295419874,1.8224459635004187,0.0,0.0,0.0,0.0,0.0,0.0,1.0,0.0,1.0,1.0,0.0,1.0,0.0,1.0,8308571.88
1.4818216415561896,-0.407581256447007,-0.9265553873825114,1.0,0.0,0.0,0.0,0.0,0.0,0.0,0.0,0.0,0.0,0.0,0.0,0.0,1.0,3281744.22
-0.2999278272488479,-2.0639157842627354,-0.030141903398947317,0.0,0.0,0.0,0.0,0.0,1.0,0.0,0.0,1.0,0.0,0.0,0.0,0.0,0.0,778974.91
0.2939886623528312,1.5879525043378064,-1.6436861745693627,0.0,0.0,0.0,0.0,0.0,1.0,0.0,0.0,1.0,0.0,0.0,0.0,0.0,0.0,4830950.98
-1.487760806452206,1.1834960430000945,-1.285120780975937,1.0,0.0,0.0,0.0,0.0,0.0,0.0,0.0,1.0,1.0,0.0,0.0,1.0,0.0,6125686.56
1.4818216415561896,0.49633512236931737,0.8065106816523792,0.0,0.0,0.0,0.0,0.0,0.0,0.0,1.0,0.0,1.0,0.0,0.0,0.0,0.0,4926849.74
-1.487760806452206,0.21478361764106918,-0.5679899937890858,0.0,1.0,0.0,0.0,0.0,0.0,0.0,0.0,0.0,0.0,0.0,0.0,0.0,0.0,6051417.93
-0.893844316850527,-0.03517693201119972,-0.7472726905857986,0.0,0.0,1.0,0.0,0.0,0.0,0.0,0.0,1.0,1.0,0.0,0.0,1.0,1.0,4500246.71
0.2939886623528312,-0.44078634791372906,0.1491407933977655,0.0,0.0,0.0,0.0,0.0,0.0,0.0,1.0,0.0,0.0,0.0,0.0,0.0,0.0,4183160.94
-0.2999278272488479,-0.5962046232510255,1.5834023677714681,0.0,0.0,0.0,0.0,0.0,0.0,1.0,0.0,0.0,1.0,0.0,0.0,0.0,0.0,5845941.53
-0.893844316850527,0.8246965824291246,-0.9863162863147491,0.0,0.0,0.0,0.0,1.0,0.0,0.0,0.0,0.0,1.0,0.0,0.0,1.0,1.0,5813411.99
0.2939886623528312,0.011402432407396149,1.4041196709747552,0.0,0.0,1.0,0.0,0.0,0.0,0.0,0.0,0.0,0.0,0.0,0.0,0.0,0.0,5671243.98
-0.2999278272488479,-1.0825208586907265,-0.030141903398947317,0.0,1.0,0.0,0.0,0.0,0.0,0.0,0.0,0.0,0.0,1.0,0.0,1.0,0.0,2847509.09
0.2939886623528312,0.011402432407396149,0.0893798944655279,0.0,0.0,0.0,0.0,1.0,0.0,0.0,0.0,1.0,1.0,1.0,0.0,0.0,1.0,5214788.43
0.2939886623528312,0.011402432407396149,0.8065106816523792,0.0,0.0,0.0,0.0,0.0,0.0,0.0,1.0,0.0,0.0,0.0,0.0,0.0,0.0,4960746.86
-0.2999278272488479,1.3732723643689297,0.686988883787904,0.0,1.0,0.0,0.0,0.0,0.0,0.0,0.0,1.0,0.0,0.0,1.0,1.0,1.0,10730449.77
-0.2999278272488479,-0.23509925355042255,0.02961899553329029,1.0,0.0,0.0,0.0,0.0,0.0,0.0,0.0,0.0,0.0,0.0,0.0,0.0,0.0,3469850.46
1.4818216415561896,-0.5936681232084287,-0.030141903398947317,0.0,0.0,1.0,0.0,0.0,0.0,0.0,0.0,0.0,0.0,0.0,1.0,1.0,0.0,3162647.52
-1.487760806452206,2.0267670117070575,-0.8667944884502738,0.0,0.0,0.0,0.0,0.0,1.0,0.0,0.0,0.0,0.0,0.0,0.0,0.0,0.0,7203410.99
1.4818216415561896,0.011402432407396149,-0.030141903398947317,0.0,0.0,0.0,0.0,0.0,1.0,0.0,0.0,0.0,1.0,0.0,0.0,0.0,0.0,1079134.73
-0.893844316850527,-1.2653794526706614,-1.0460771852469868,0.0,0.0,0.0,0.0,1.0,0.0,0.0,0.0,1.0,1.0,0.0,1.0,1.0,0.0,2729208.12
0.8879051519545104,0.01186361423332295,1.0455542773813296,0.0,0.0,0.0,0.0,1.0,0.0,0.0,0.0,0.0,0.0,0.0,0.0,0.0,0.0,4260558.15
-1.487760806452206,-0.5968963959899157,-1.3448816799081746,0.0,0.0,0.0,1.0,0.0,0.0,0.0,0.0,0.0,0.0,0.0,0.0,0.0,0.0,4899383.37
-1.487760806452206,0.6925679893011263,1.5834023677714681,0.0,0.0,0.0,0.0,0.0,0.0,0.0,1.0,0.0,1.0,0.0,1.0,1.0,1.0,6445622.98
-1.487760806452206,1.544601412700697,1.5236414688392306,1.0,0.0,0.0,0.0,0.0,0.0,0.0,0.0,0.0,1.0,1.0,0.0,0.0,1.0,7085539.42
1.4818216415561896,-0.4477040753026295,-1.2253598820436995,0.0,0.0,0.0,0.0,0.0,1.0,0.0,0.0,0.0,0.0,1.0,0.0,0.0,0.0,3377118.11
0.2939886623528312,0.47558194020261607,0.1491407933977655,1.0,0.0,0.0,0.0,0.0,0.0,0.0,0.0,0.0,1.0,0.0,0.0,0.0,0.0,4123084.0
-0.2999278272488479,-0.7746819898846569,-1.4046425788404124,0.0,0.0,1.0,0.0,0.0,0.0,0.0,0.0,1.0,0.0,1.0,0.0,1.0,1.0,3458358.73
0.2939886623528312,-0.23648279902820293,-0.08990280233118493,1.0,0.0,0.0,0.0,0.0,0.0,0.0,0.0,1.0,0.0,0.0,1.0,1.0,1.0,4675434.89
1.4818216415561896,-0.6492405332325956,1.8224459635004187,0.0,0.0,0.0,0.0,0.0,1.0,0.0,0.0,1.0,1.0,1.0,0.0,0.0,1.0,2122150.63
1.4818216415561896,0.5359967593990128,0.02961899553329029,1.0,0.0,0.0,0.0,0.0,0.0,0.0,0.0,0.0,0.0,0.0,0.0,0.0,0.0,3998301.01
1.4818216415561896,0.4799631675489194,1.28459787311028,1.0,0.0,0.0,0.0,0.0,0.0,0.0,0.0,0.0,0.0,0.0,0.0,0.0,0.0,3988921.44
0.8879051519545104,0.02685202357594057,-0.14966370126342254,0.0,1.0,0.0,0.0,0.0,0.0,0.0,0.0,1.0,1.0,0.0,0.0,1.0,0.0,5608067.1
-0.2999278272488479,0.20924943572994914,1.5236414688392306,0.0,0.0,0.0,0.0,0.0,1.0,0.0,0.0,0.0,1.0,1.0,0.0,0.0,1.0,3984012.51
0.8879051519545104,-1.581750185256375,1.3443587720425176,0.0,0.0,0.0,0.0,0.0,1.0,0.0,0.0,0.0,1.0,1.0,0.0,1.0,1.0,1171930.33
-1.487760806452206,1.1406061331889115,-0.26918549912789774,0.0,0.0,0.0,0.0,0.0,1.0,0.0,0.0,0.0,0.0,0.0,0.0,0.0,1.0,4586684.45
-0.893844316850527,1.6040938682452408,-0.030141903398947317,0.0,1.0,0.0,0.0,0.0,0.0,0.0,0.0,0.0,1.0,0.0,0.0,0.0,0.0,8470401.31
0.8879051519545104,-0.21342370773186814,0.9857933784490921,0.0,1.0,0.0,0.0,0.0,0.0,0.0,0.0,1.0,1.0,1.0,1.0,0.0,0.0,5106808.27
-0.893844316850527,-0.45761948456005336,-0.030141903398947317,0.0,0.0,0.0,0.0,0.0,0.0,1.0,0.0,0.0,1.0,0.0,1.0,1.0,0.0,7331625.78
-1.487760806452206,0.8828054924958884,-1.165598983111462,0.0,0.0,0.0,0.0,0.0,0.0,1.0,0.0,0.0,1.0,0.0,0.0,0.0,0.0,12326873.93
-0.893844316850527,2.367349790153923,0.7467497827201416,0.0,0.0,0.0,0.0,0.0,0.0,1.0,0.0,0.0,0.0,1.0,0.0,0.0,0.0,13361409.96
1.4818216415561896,-0.09328584207796352,-0.030141903398947317,0.0,1.0,0.0,0.0,0.0,0.0,0.0,0.0,0.0,0.0,0.0,0.0,0.0,0.0,5151175.34
-0.2999278272488479,1.1802677702186073,-0.030141903398947317,1.0,0.0,0.0,0.0,0.0,0.0,0.0,0.0,1.0,0.0,1.0,1.0,1.0,0.0,5878238.74
-1.487760806452206,0.011402432407396149,1.5236414688392306,0.0,0.0,0.0,0.0,1.0,0.0,0.0,0.0,0.0,1.0,1.0,0.0,1.0,0.0,2347050.73
0.2939886623528312,0.32177780125606287,-0.5082290948568482,0.0,0.0,0.0,0.0,1.0,0.0,0.0,0.0,0.0,0.0,0.0,0.0,0.0,0.0,5881810.2
-1.487760806452206,0.3109400283467854,-0.26918549912789774,0.0,0.0,1.0,0.0,0.0,0.0,0.0,0.0,1.0,1.0,1.0,0.0,1.0,0.0,5461059.94
0.8879051519545104,-1.3506980904671002,-0.26918549912789774,0.0,0.0,0.0,0.0,0.0,0.0,1.0,0.0,0.0,0.0,0.0,0.0,0.0,0.0,2830162.61
1.4818216415561896,0.7610534904512408,-1.7034470735016003,0.0,0.0,0.0,0.0,0.0,1.0,0.0,0.0,0.0,0.0,0.0,1.0,1.0,0.0,5799370.1
1.4818216415561896,-1.0170330394091356,0.686988883787904,0.0,0.0,1.0,0.0,0.0,0.0,0.0,0.0,0.0,1.0,0.0,1.0,1.0,0.0,2547245.35
-1.487760806452206,0.24821930002075462,-0.030141903398947317,0.0,0.0,1.0,0.0,0.0,0.0,0.0,0.0,0.0,0.0,1.0,1.0,1.0,1.0,4384330.3
-0.893844316850527,-1.8344778258642043,-0.7472726905857986,0.0,0.0,1.0,0.0,0.0,0.0,0.0,0.0,1.0,1.0,1.0,0.0,0.0,1.0,1362132.22
-0.893844316850527,2.1837994234350973,-0.14966370126342254,0.0,0.0,1.0,0.0,0.0,0.0,0.0,0.0,0.0,1.0,0.0,0.0,0.0,0.0,6945766.16
-1.487760806452206,-0.7317920800734743,0.0893798944655279,1.0,0.0,0.0,0.0,0.0,0.0,0.0,0.0,1.0,0.0,1.0,0.0,1.0,0.0,2521911.55
-0.893844316850527,-0.09282466025203673,-0.9265553873825114,0.0,1.0,0.0,0.0,0.0,0.0,0.0,0.0,0.0,0.0,0.0,0.0,0.0,0.0,6211050.35
0.8879051519545104,-1.0882856315148102,-1.7034470735016003,0.0,0.0,0.0,1.0,0.0,0.0,0.0,0.0,0.0,0.0,0.0,0.0,0.0,0.0,5435266.64
-1.487760806452206,-0.19543761652072658,-0.9863162863147491,0.0,0.0,1.0,0.0,0.0,0.0,0.0,0.0,1.0,1.0,1.0,1.0,0.0,0.0,4032788.34
0.2939886623528312,-1.758152233673336,-0.7472726905857986,1.0,0.0,0.0,0.0,0.0,0.0,0.0,0.0,0.0,0.0,0.0,1.0,0.0,0.0,1455219.93
-0.2999278272488479,-0.9261802197015766,-0.8070335895180363,0.0,0.0,0.0,0.0,1.0,0.0,0.0,0.0,0.0,1.0,1.0,0.0,0.0,1.0,3140873.06
0.8879051519545104,-0.3704561194599079,1.463880569906993,0.0,0.0,0.0,0.0,1.0,0.0,0.0,0.0,1.0,1.0,0.0,1.0,0.0,0.0,3582503.56
-1.487760806452206,-0.40919539283775025,1.0455542773813296,0.0,0.0,0.0,0.0,0.0,0.0,1.0,0.0,0.0,0.0,0.0,1.0,0.0,0.0,6032510.34
1.4818216415561896,0.41401416644140204,-1.2253598820436995,0.0,0.0,0.0,0.0,0.0,1.0,0.0,0.0,0.0,1.0,0.0,1.0,0.0,1.0,4254980.11
-0.2999278272488479,0.3614394382857588,-0.14966370126342254,0.0,0.0,0.0,0.0,0.0,0.0,0.0,1.0,0.0,1.0,0.0,0.0,0.0,0.0,5133238.34
-0.893844316850527,0.374121938498743,-0.6277508927213235,0.0,1.0,0.0,0.0,0.0,0.0,0.0,0.0,1.0,1.0,0.0,0.0,0.0,0.0,6543204.4
1.4818216415561896,-1.5628417303933804,1.7029241656359433,0.0,0.0,0.0,0.0,1.0,0.0,0.0,0.0,1.0,0.0,0.0,0.0,0.0,0.0,1510021.55
1.4818216415561896,0.5731218963861122,-1.5241643767048876,0.0,0.0,0.0,0.0,0.0,0.0,0.0,1.0,0.0,0.0,1.0,0.0,0.0,1.0,5449512.06
0.2939886623528312,-0.0792197963871995,1.0455542773813296,0.0,0.0,0.0,0.0,0.0,0.0,0.0,1.0,0.0,1.0,0.0,0.0,0.0,0.0,3487604.81
-1.487760806452206,0.6655888524844145,-0.030141903398947317,0.0,0.0,0.0,0.0,0.0,0.0,0.0,1.0,1.0,0.0,1.0,0.0,1.0,1.0,5597804.41
-0.893844316850527,0.49425980415264703,0.32842349019447836,0.0,0.0,0.0,0.0,0.0,1.0,0.0,0.0,1.0,0.0,1.0,0.0,0.0,0.0,4265983.34
-0.893844316850527,0.13984157092798108,-0.388707296992373,0.0,0.0,0.0,0.0,0.0,0.0,1.0,0.0,0.0,0.0,0.0,0.0,0.0,0.0,6194668.11
-0.893844316850527,-1.0719136766944126,0.32842349019447836,0.0,0.0,0.0,0.0,0.0,0.0,1.0,0.0,0.0,0.0,0.0,1.0,0.0,0.0,4333283.21
0.2939886623528312,-0.5726843501287642,-0.030141903398947317,0.0,0.0,0.0,0.0,1.0,0.0,0.0,0.0,1.0,0.0,1.0,0.0,1.0,0.0,4668126.42
-0.893844316850527,-1.957613373386632,-1.5241643767048876,0.0,0.0,0.0,1.0,0.0,0.0,0.0,0.0,0.0,1.0,0.0,0.0,0.0,1.0,2075363.99
0.8879051519545104,-2.0664522843053326,-0.5679899937890858,0.0,0.0,1.0,0.0,0.0,0.0,0.0,0.0,1.0,0.0,0.0,1.0,0.0,0.0,827601.73
-0.2999278272488479,0.03792038739818117,-1.165598983111462,0.0,0.0,0.0,0.0,0.0,0.0,0.0,1.0,0.0,0.0,0.0,0.0,1.0,0.0,5005769.6
-0.893844316850527,-0.03725225022787007,1.7029241656359433,0.0,1.0,0.0,0.0,0.0,0.0,0.0,0.0,1.0,1.0,0.0,0.0,0.0,0.0,6405248.6
-1.487760806452206,1.2176234981186698,-1.6436861745693627,0.0,0.0,1.0,0.0,0.0,0.0,0.0,0.0,0.0,1.0,1.0,0.0,0.0,1.0,6222476.55
0.2939886623528312,1.071428859299907,1.5236414688392306,0.0,0.0,0.0,0.0,0.0,0.0,0.0,1.0,1.0,0.0,1.0,0.0,0.0,1.0,7573374.61
1.4818216415561896,0.8982550836644329,1.165076075245805,0.0,1.0,0.0,0.0,0.0,0.0,0.0,0.0,0.0,1.0,1.0,0.0,1.0,0.0,7044353.52
-1.487760806452206,-1.1514675416667677,0.7467497827201416,0.0,0.0,0.0,0.0,0.0,0.0,1.0,0.0,0.0,0.0,0.0,0.0,1.0,1.0,3569641.35
-1.487760806452206,1.3871078191467305,-0.26918549912789774,0.0,0.0,0.0,0.0,0.0,0.0,0.0,1.0,0.0,0.0,1.0,0.0,0.0,1.0,7158209.32
-1.487760806452206,1.6435249143619737,1.7626850645681809,0.0,1.0,0.0,0.0,0.0,0.0,0.0,0.0,0.0,0.0,0.0,0.0,0.0,1.0,9040880.74
-0.2999278272488479,-1.4297907736135285,1.1053151763135673,0.0,0.0,0.0,0.0,0.0,1.0,0.0,0.0,0.0,0.0,0.0,1.0,0.0,0.0,1358024.77
-0.893844316850527,-0.6916692612178515,-1.5241643767048876,0.0,0.0,0.0,0.0,0.0,0.0,1.0,0.0,1.0,0.0,1.0,0.0,1.0,0.0,6611923.07
0.8879051519545104,-0.6716078517900405,0.32842349019447836,0.0,0.0,0.0,0.0,0.0,1.0,0.0,0.0,0.0,1.0,1.0,0.0,1.0,1.0,3590024.38
-0.893844316850527,0.59641157859541,-0.9265553873825114,0.0,0.0,0.0,0.0,0.0,0.0,0.0,1.0,0.0,0.0,0.0,0.0,0.0,0.0,4931411.07
-0.2999278272488479,1.4733488205950225,1.6431632667037057,0.0,0.0,0.0,0.0,0.0,0.0,1.0,0.0,1.0,1.0,0.0,0.0,1.0,1.0,13870111.91
-0.893844316850527,1.0165482220146302,-0.20942460019566014,0.0,0.0,0.0,0.0,0.0,0.0,0.0,1.0,1.0,0.0,0.0,1.0,1.0,1.0,6977548.61
-0.893844316850527,-1.7007350963454624,0.5077061869911912,0.0,0.0,0.0,0.0,0.0,1.0,0.0,0.0,1.0,1.0,0.0,1.0,1.0,0.0,1157033.67
1.4818216415561896,-0.3660748921136041,-0.7472726905857986,0.0,1.0,0.0,0.0,0.0,0.0,0.0,0.0,0.0,0.0,0.0,1.0,1.0,0.0,4988076.38
-0.2999278272488479,1.171966497351927,-0.6277508927213235,0.0,0.0,0.0,0.0,1.0,0.0,0.0,0.0,0.0,0.0,1.0,0.0,1.0,0.0,7971817.46
0.8879051519545104,0.21155534485958263,-0.687511791653561,0.0,0.0,0.0,1.0,0.0,0.0,0.0,0.0,0.0,0.0,0.0,0.0,0.0,0.0,6538778.18
-1.487760806452206,1.2222353163779367,-0.14966370126342254,0.0,0.0,0.0,0.0,0.0,1.0,0.0,0.0,0.0,0.0,0.0,1.0,0.0,0.0,7079110.06
-0.893844316850527,1.021621222099824,1.5236414688392306,0.0,0.0,0.0,0.0,0.0,0.0,1.0,0.0,1.0,0.0,1.0,1.0,0.0,1.0,12133941.87
0.8879051519545104,1.3702746825004062,-1.3448816799081746,0.0,0.0,0.0,0.0,0.0,0.0,1.0,0.0,0.0,1.0,0.0,1.0,1.0,1.0,15019013.56
0.8879051519545104,1.0942573596832785,-0.9863162863147491,0.0,0.0,0.0,0.0,1.0,0.0,0.0,0.0,0.0,0.0,0.0,0.0,0.0,0.0,5435709.61
-0.2999278272488479,-0.5945904868602823,-0.26918549912789774,0.0,0.0,0.0,0.0,0.0,0.0,1.0,0.0,1.0,0.0,0.0,1.0,1.0,1.0,6094134.6
0.8879051519545104,-0.10965779689836154,1.7029241656359433,0.0,0.0,1.0,0.0,0.0,0.0,0.0,0.0,0.0,0.0,0.0,1.0,0.0,1.0,3403125.21
0.2939886623528312,0.49195389502301357,-1.46440347777265,0.0,0.0,0.0,0.0,0.0,1.0,0.0,0.0,1.0,0.0,0.0,0.0,0.0,0.0,4612583.43
0.2939886623528312,0.339994483380167,0.5077061869911912,0.0,0.0,0.0,1.0,0.0,0.0,0.0,0.0,0.0,1.0,1.0,1.0,0.0,1.0,7379313.16
-1.487760806452206,-0.2406334354615431,-0.14966370126342254,0.0,0.0,1.0,0.0,0.0,0.0,0.0,0.0,1.0,1.0,1.0,1.0,0.0,0.0,3792990.14
0.2939886623528312,1.4989444119339543,-1.4046425788404124,0.0,0.0,0.0,0.0,0.0,0.0,1.0,0.0,0.0,0.0,0.0,1.0,1.0,1.0,12881258.79
-0.893844316850527,-1.247162770546557,-0.030141903398947317,0.0,0.0,1.0,0.0,0.0,0.0,0.0,0.0,0.0,0.0,0.0,1.0,0.0,0.0,1900803.9
-0.893844316850527,1.004557494540536,-0.14966370126342254,0.0,0.0,0.0,0.0,1.0,0.0,0.0,0.0,0.0,0.0,1.0,0.0,1.0,1.0,5494469.77
0.8879051519545104,1.0744265411684304,-1.285120780975937,0.0,0.0,0.0,0.0,0.0,1.0,0.0,0.0,1.0,0.0,1.0,1.0,1.0,0.0,4200087.09
1.4818216415561896,-0.6808314883085743,-0.030141903398947317,0.0,0.0,0.0,0.0,0.0,1.0,0.0,0.0,1.0,0.0,0.0,0.0,0.0,1.0,2713219.03
-0.893844316850527,-2.0664522843053326,-0.6277508927213235,0.0,0.0,0.0,0.0,0.0,0.0,0.0,1.0,0.0,0.0,1.0,1.0,1.0,1.0,1261017.9
-0.2999278272488479,0.8846502197995951,0.26866259126224074,0.0,0.0,0.0,1.0,0.0,0.0,0.0,0.0,1.0,1.0,0.0,0.0,0.0,1.0,7362841.02
-0.2999278272488479,-0.2722243905375219,-0.030141903398947317,0.0,0.0,0.0,0.0,1.0,0.0,0.0,0.0,0.0,0.0,0.0,0.0,0.0,0.0,4311840.19
0.2939886623528312,-0.29021048174866293,0.9260324795168544,0.0,1.0,0.0,0.0,0.0,0.0,0.0,0.0,0.0,0.0,0.0,0.0,1.0,0.0,4011977.24
-1.487760806452206,-0.573837304693581,0.5077061869911912,0.0,0.0,1.0,0.0,0.0,0.0,0.0,0.0,0.0,1.0,1.0,1.0,1.0,0.0,3920886.98
0.8879051519545104,0.5166271227100919,-1.0460771852469868,0.0,0.0,0.0,0.0,0.0,0.0,1.0,0.0,0.0,1.0,0.0,0.0,1.0,1.0,11145931.07
-0.2999278272488479,-0.9573099929516286,-0.8667944884502738,0.0,0.0,0.0,1.0,0.0,0.0,0.0,0.0,0.0,0.0,0.0,0.0,0.0,1.0,3664882.23
1.4818216415561896,-1.3011210441799805,1.5236414688392306,0.0,0.0,1.0,0.0,0.0,0.0,0.0,0.0,0.0,0.0,0.0,1.0,0.0,0.0,2378275.71
-0.2999278272488479,1.5522109128284876,-0.5679899937890858,0.0,0.0,0.0,0.0,0.0,0.0,0.0,1.0,1.0,0.0,1.0,0.0,1.0,1.0,7892291.52
-1.487760806452206,0.6379179429288128,0.6272279848556663,0.0,1.0,0.0,0.0,0.0,0.0,0.0,0.0,1.0,1.0,0.0,0.0,1.0,1.0,7307365.44
0.8879051519545104,0.2671277548837493,-1.46440347777265,0.0,0.0,0.0,0.0,1.0,0.0,0.0,0.0,1.0,0.0,0.0,0.0,1.0,1.0,5828531.75
0.8879051519545104,-0.8950504464515245,-0.20942460019566014,0.0,0.0,1.0,0.0,0.0,0.0,0.0,0.0,0.0,1.0,0.0,0.0,1.0,1.0,3668109.9
-1.487760806452206,0.011402432407396149,-1.5839252756371252,0.0,0.0,1.0,0.0,0.0,0.0,0.0,0.0,0.0,1.0,1.0,0.0,1.0,0.0,2690013.14
1.4818216415561896,-0.5553900316565131,-0.7472726905857986,0.0,0.0,0.0,0.0,0.0,0.0,0.0,1.0,0.0,0.0,0.0,0.0,0.0,0.0,4465078.49
-1.487760806452206,-0.6568500333603862,1.2248369741780425,0.0,0.0,1.0,0.0,0.0,0.0,0.0,0.0,0.0,1.0,0.0,0.0,1.0,1.0,3489295.97
-1.487760806452206,-0.41888021118221097,0.686988883787904,0.0,0.0,0.0,0.0,0.0,1.0,0.0,0.0,0.0,0.0,1.0,1.0,1.0,1.0,3225273.29
-0.893844316850527,1.0458332679609756,-0.8070335895180363,0.0,0.0,0.0,1.0,0.0,0.0,0.0,0.0,0.0,0.0,0.0,0.0,0.0,0.0,9709365.37
1.4818216415561896,1.5441402308747703,-0.9863162863147491,0.0,0.0,1.0,0.0,0.0,0.0,0.0,0.0,1.0,1.0,0.0,1.0,0.0,0.0,8231466.28
1.4818216415561896,1.3875690009726573,-1.7034470735016003,0.0,0.0,1.0,0.0,0.0,0.0,0.0,0.0,1.0,0.0,0.0,1.0,0.0,0.0,7445452.32
0.2939886623528312,-0.27821975427456874,-0.8070335895180363,0.0,0.0,0.0,1.0,0.0,0.0,0.0,0.0,0.0,1.0,1.0,1.0,1.0,0.0,4858528.06
0.8879051519545104,0.3565970291135282,1.165076075245805,0.0,0.0,0.0,1.0,0.0,0.0,0.0,0.0,1.0,0.0,1.0,1.0,1.0,0.0,8341445.28
-0.2999278272488479,-0.3683808012432376,0.32842349019447836,0.0,0.0,0.0,0.0,0.0,0.0,1.0,0.0,1.0,0.0,0.0,1.0,0.0,0.0,7469917.31
-1.487760806452206,1.8994808277512898,1.28459787311028,0.0,0.0,1.0,0.0,0.0,0.0,0.0,0.0,0.0,0.0,0.0,0.0,0.0,1.0,6486034.27
0.8879051519545104,-0.3070436183949872,-1.7034470735016003,0.0,0.0,0.0,0.0,0.0,0.0,0.0,1.0,0.0,0.0,0.0,1.0,1.0,1.0,4901626.73
0.8879051519545104,-0.7315614891605109,1.0455542773813296,0.0,0.0,0.0,0.0,0.0,0.0,0.0,1.0,0.0,1.0,1.0,1.0,0.0,1.0,3825698.2
1.4818216415561896,0.3104788465208586,-0.08990280233118493,1.0,0.0,0.0,0.0,0.0,0.0,0.0,0.0,0.0,0.0,1.0,0.0,0.0,0.0,4761732.52
-0.2999278272488479,0.19126334451880758,-0.030141903398947317,0.0,0.0,0.0,0.0,1.0,0.0,0.0,0.0,0.0,0.0,0.0,0.0,0.0,0.0,4780015.93
0.2939886623528312,0.07596788803713359,-1.46440347777265,0.0,1.0,0.0,0.0,0.0,0.0,0.0,0.0,0.0,1.0,1.0,0.0,0.0,0.0,5331286.77
1.4818216415561896,-0.2397110718096895,1.5834023677714681,0.0,0.0,0.0,0.0,1.0,0.0,0.0,0.0,1.0,0.0,0.0,0.0,0.0,1.0,3331180.22
-0.2999278272488479,0.011402432407396149,0.5077061869911912,0.0,0.0,0.0,0.0,1.0,0.0,0.0,0.0,1.0,1.0,1.0,0.0,0.0,1.0,3929132.1
1.4818216415561896,0.5848820329472427,-0.5679899937890858,0.0,1.0,0.0,0.0,0.0,0.0,0.0,0.0,0.0,0.0,1.0,0.0,0.0,0.0,7415969.07
0.2939886623528312,-0.8387862636884678,-0.5679899937890858,0.0,0.0,0.0,0.0,0.0,0.0,1.0,0.0,0.0,0.0,0.0,1.0,1.0,0.0,4613428.37
0.8879051519545104,0.32938730138385325,0.9857933784490921,0.0,0.0,0.0,0.0,1.0,0.0,0.0,0.0,1.0,0.0,0.0,1.0,1.0,0.0,6636374.0
0.2939886623528312,0.5922609421620699,-0.08990280233118493,1.0,0.0,0.0,0.0,0.0,0.0,0.0,0.0,0.0,0.0,0.0,1.0,0.0,0.0,3965117.43
0.2939886623528312,-0.37575971045806483,0.26866259126224074,0.0,0.0,0.0,0.0,0.0,1.0,0.0,0.0,0.0,0.0,0.0,0.0,0.0,0.0,3285902.43
0.2939886623528312,0.8071716730439104,-0.5082290948568482,0.0,1.0,0.0,0.0,0.0,0.0,0.0,0.0,1.0,1.0,0.0,1.0,0.0,0.0,8234311.39
-1.487760806452206,-2.0664522843053326,0.5077061869911912,1.0,0.0,0.0,0.0,0.0,0.0,0.0,0.0,1.0,0.0,0.0,0.0,0.0,0.0,883272.0
0.2939886623528312,-0.31926493678204454,1.2248369741780425,0.0,0.0,0.0,0.0,1.0,0.0,0.0,0.0,0.0,1.0,0.0,1.0,1.0,0.0,2672034.19
1.4818216415561896,-0.2171131623392815,-0.44846819592461057,0.0,0.0,0.0,0.0,0.0,0.0,0.0,1.0,0.0,0.0,0.0,0.0,0.0,0.0,2749713.11
0.8879051519545104,0.9681241302923271,0.8065106816523792,0.0,0.0,0.0,0.0,1.0,0.0,0.0,0.0,0.0,0.0,1.0,0.0,0.0,0.0,7532947.49
0.2939886623528312,1.4982526391950644,-1.1058380841792244,0.0,0.0,0.0,0.0,0.0,0.0,0.0,1.0,0.0,1.0,1.0,1.0,1.0,0.0,8000323.67
-1.487760806452206,-0.7135753979493696,0.1491407933977655,0.0,0.0,0.0,0.0,0.0,0.0,1.0,0.0,0.0,0.0,0.0,0.0,0.0,0.0,5703363.53
0.2939886623528312,0.7896467636586956,-1.46440347777265,0.0,0.0,0.0,0.0,0.0,0.0,0.0,1.0,1.0,1.0,1.0,0.0,0.0,1.0,7579488.89
0.2939886623528312,0.011402432407396149,1.7029241656359433,0.0,0.0,1.0,0.0,0.0,0.0,0.0,0.0,0.0,0.0,0.0,0.0,0.0,0.0,4080899.41
1.4818216415561896,-0.6955893067382286,-0.14966370126342254,0.0,0.0,1.0,0.0,0.0,0.0,0.0,0.0,0.0,0.0,0.0,0.0,0.0,0.0,2448884.27
0.2939886623528312,0.22124016320404283,1.28459787311028,0.0,1.0,0.0,0.0,0.0,0.0,0.0,0.0,0.0,1.0,1.0,0.0,1.0,0.0,4821402.81
-0.893844316850527,1.4288447743930963,-1.2253598820436995,0.0,0.0,0.0,1.0,0.0,0.0,0.0,0.0,1.0,0.0,0.0,0.0,0.0,1.0,8047543.18
0.2939886623528312,-0.7165730798178933,0.5674670859234288,0.0,0.0,1.0,0.0,0.0,0.0,0.0,0.0,0.0,0.0,0.0,0.0,0.0,0.0,2752394.21
-0.893844316850527,0.5323073047915995,-0.14966370126342254,0.0,0.0,0.0,0.0,0.0,0.0,0.0,1.0,0.0,0.0,0.0,0.0,0.0,0.0,6391202.63
-0.893844316850527,0.5828067147305729,-0.9863162863147491,0.0,0.0,0.0,1.0,0.0,0.0,0.0,0.0,0.0,1.0,1.0,1.0,1.0,0.0,7434497.1
1.4818216415561896,1.134380178538901,0.9260324795168544,1.0,0.0,0.0,0.0,0.0,0.0,0.0,0.0,0.0,1.0,1.0,1.0,1.0,0.0,6871121.59
-1.487760806452206,2.7427517964582533,1.1053151763135673,0.0,0.0,1.0,0.0,0.0,0.0,0.0,0.0,0.0,0.0,0.0,0.0,0.0,0.0,7668833.71
-0.893844316850527,-0.0003577041537343894,1.165076075245805,0.0,0.0,0.0,0.0,0.0,0.0,1.0,0.0,1.0,1.0,1.0,0.0,1.0,0.0,9158035.89
1.4818216415561896,0.8888008562329353,-1.285120780975937,0.0,0.0,0.0,1.0,0.0,0.0,0.0,0.0,0.0,1.0,0.0,1.0,0.0,1.0,8519006.84
0.8879051519545104,0.809708173086507,1.8224459635004187,0.0,1.0,0.0,0.0,0.0,0.0,0.0,0.0,0.0,0.0,0.0,1.0,0.0,0.0,7471983.74
0.2939886623528312,1.0419132224405985,0.0893798944655279,0.0,0.0,0.0,0.0,1.0,0.0,0.0,0.0,1.0,0.0,0.0,0.0,0.0,0.0,10091340.73
-0.893844316850527,-0.8150353996532427,-0.8667944884502738,0.0,0.0,0.0,1.0,0.0,0.0,0.0,0.0,0.0,1.0,0.0,0.0,0.0,1.0,4136957.94
-0.2999278272488479,-0.9409380381312308,0.02961899553329029,0.0,1.0,0.0,0.0,0.0,0.0,0.0,0.0,1.0,1.0,0.0,0.0,1.0,0.0,4050575.89
1.4818216415561896,-1.9769830100755534,-0.20942460019566014,0.0,0.0,0.0,1.0,0.0,0.0,0.0,0.0,0.0,1.0,0.0,1.0,1.0,1.0,1485847.45
0.8879051519545104,-0.3515476645969133,0.8065106816523792,0.0,0.0,1.0,0.0,0.0,0.0,0.0,0.0,0.0,0.0,1.0,1.0,0.0,0.0,4343088.25
0.2939886623528312,2.636218794669187,0.32842349019447836,0.0,0.0,0.0,1.0,0.0,0.0,0.0,0.0,1.0,0.0,0.0,1.0,0.0,0.0,10738391.15
-0.893844316850527,-1.2568475888910176,0.7467497827201416,0.0,0.0,0.0,0.0,1.0,0.0,0.0,0.0,0.0,0.0,0.0,0.0,0.0,0.0,1659111.01
0.2939886623528312,0.9160105839626107,1.6431632667037057,0.0,0.0,0.0,1.0,0.0,0.0,0.0,0.0,0.0,0.0,0.0,0.0,0.0,0.0,6898009.23
0.2939886623528312,-1.1320979049778461,0.686988883787904,0.0,0.0,0.0,0.0,0.0,0.0,1.0,0.0,0.0,1.0,1.0,1.0,0.0,0.0,3381645.52
-0.2999278272488479,-0.8761419915885299,1.4041196709747552,0.0,0.0,0.0,1.0,0.0,0.0,0.0,0.0,0.0,0.0,1.0,0.0,1.0,1.0,3813916.52
-0.893844316850527,-0.27268557236344815,-0.9265553873825114,0.0,0.0,0.0,1.0,0.0,0.0,0.0,0.0,0.0,0.0,0.0,0.0,0.0,0.0,4423974.9
0.8879051519545104,0.07158666069083029,0.7467497827201416,0.0,0.0,0.0,0.0,0.0,1.0,0.0,0.0,0.0,1.0,0.0,1.0,0.0,1.0,4708564.1
1.4818216415561896,0.561131168912018,-1.1058380841792244,0.0,0.0,0.0,0.0,0.0,0.0,0.0,1.0,0.0,1.0,1.0,1.0,1.0,0.0,5719960.89
-0.893844316850527,1.0260024494461273,0.9857933784490921,0.0,0.0,0.0,0.0,0.0,0.0,1.0,0.0,0.0,1.0,0.0,1.0,0.0,0.0,9864520.52
-0.2999278272488479,-0.38129389236918537,1.1053151763135673,0.0,0.0,0.0,0.0,0.0,0.0,1.0,0.0,0.0,0.0,0.0,0.0,0.0,0.0,5982977.36
-0.2999278272488479,1.0345343132257714,-0.7472726905857986,0.0,0.0,1.0,0.0,0.0,0.0,0.0,0.0,0.0,0.0,0.0,0.0,0.0,0.0,5302492.78
-0.2999278272488479,0.7866490817901722,1.3443587720425176,0.0,0.0,0.0,0.0,0.0,0.0,0.0,1.0,0.0,1.0,1.0,0.0,1.0,1.0,5877471.56
-0.2999278272488479,1.218545861770523,-0.388707296992373,0.0,0.0,0.0,0.0,0.0,0.0,1.0,0.0,1.0,0.0,1.0,0.0,1.0,0.0,9490559.08
-0.2999278272488479,-0.8228754906939968,0.44794528805895356,0.0,0.0,1.0,0.0,0.0,0.0,0.0,0.0,0.0,0.0,0.0,0.0,0.0,0.0,3090246.85
-0.2999278272488479,0.40110107531545425,1.0455542773813296,0.0,0.0,1.0,0.0,0.0,0.0,0.0,0.0,1.0,1.0,1.0,0.0,1.0,0.0,4269422.69
-0.2999278272488479,-1.0988928135111242,0.1491407933977655,1.0,0.0,0.0,0.0,0.0,0.0,0.0,0.0,0.0,0.0,0.0,0.0,0.0,0.0,1766637.97
0.2939886623528312,0.951521584558966,0.44794528805895356,0.0,0.0,0.0,0.0,1.0,0.0,0.0,0.0,1.0,0.0,0.0,1.0,0.0,0.0,4814152.74
1.4818216415561896,-0.3935152107562427,0.8662715805846168,0.0,0.0,0.0,0.0,1.0,0.0,0.0,0.0,0.0,1.0,0.0,0.0,0.0,1.0,3071328.8
0.2939886623528312,0.011402432407396149,-0.030141903398947317,0.0,1.0,0.0,0.0,0.0,0.0,0.0,0.0,0.0,0.0,0.0,0.0,0.0,1.0,899616.64
-0.893844316850527,0.02339315988149035,0.2089016923300031,0.0,0.0,0.0,0.0,1.0,0.0,0.0,0.0,0.0,0.0,0.0,0.0,0.0,0.0,4458105.64
-1.487760806452206,0.955441630079343,-0.030141903398947317,0.0,0.0,1.0,0.0,0.0,0.0,0.0,0.0,0.0,1.0,0.0,0.0,1.0,0.0,4440804.0
0.2939886623528312,-0.7885174446624577,-0.030141903398947317,0.0,0.0,0.0,0.0,1.0,0.0,0.0,0.0,0.0,0.0,0.0,0.0,0.0,0.0,2865777.04
0.2939886623528312,-1.2247954519891122,-0.20942460019566014,0.0,0.0,0.0,1.0,0.0,0.0,0.0,0.0,0.0,0.0,0.0,0.0,0.0,0.0,3174942.41
-0.2999278272488479,1.097946814290692,0.5674670859234288,0.0,0.0,0.0,0.0,1.0,0.0,0.0,0.0,0.0,0.0,1.0,0.0,0.0,0.0,5381279.4
1.4818216415561896,-0.11772847885207872,-0.7472726905857986,0.0,0.0,0.0,0.0,0.0,1.0,0.0,0.0,1.0,0.0,0.0,0.0,1.0,1.0,3725691.6
0.2939886623528312,0.1024858430279186,0.26866259126224074,0.0,1.0,0.0,0.0,0.0,0.0,0.0,0.0,1.0,0.0,1.0,0.0,0.0,1.0,6169830.2
-0.893844316850527,1.3140104997373492,-0.030141903398947317,0.0,1.0,0.0,0.0,0.0,0.0,0.0,0.0,0.0,1.0,1.0,0.0,1.0,1.0,8143452.83
-1.487760806452206,-0.08867402381869656,-0.08990280233118493,0.0,0.0,0.0,0.0,1.0,0.0,0.0,0.0,0.0,1.0,0.0,0.0,0.0,0.0,3835066.12
0.2939886623528312,0.011402432407396149,-0.9265553873825114,0.0,0.0,0.0,1.0,0.0,0.0,0.0,0.0,0.0,1.0,0.0,0.0,0.0,0.0,10026702.67
0.2939886623528312,-1.7219494603380905,1.165076075245805,0.0,0.0,0.0,0.0,1.0,0.0,0.0,0.0,1.0,0.0,0.0,0.0,0.0,0.0,1331892.09
0.2939886623528312,-0.5466275769639057,-1.5241643767048876,0.0,0.0,0.0,0.0,0.0,0.0,0.0,1.0,0.0,0.0,0.0,0.0,0.0,0.0,3729565.99
-0.893844316850527,-0.644859305886292,1.8224459635004187,0.0,0.0,0.0,0.0,0.0,1.0,0.0,0.0,0.0,1.0,1.0,1.0,0.0,1.0,2959746.76
-0.893844316850527,-0.03540752292416339,-0.030141903398947317,0.0,1.0,0.0,0.0,0.0,0.0,0.0,0.0,0.0,0.0,1.0,1.0,0.0,1.0,7842473.96
0.2939886623528312,0.5159353499712019,0.8662715805846168,0.0,0.0,0.0,1.0,0.0,0.0,0.0,0.0,0.0,0.0,0.0,1.0,1.0,0.0,6660211.6
0.2939886623528312,1.8000961442640866,-1.46440347777265,0.0,0.0,0.0,1.0,0.0,0.0,0.0,0.0,0.0,0.0,1.0,0.0,0.0,0.0,12340551.23
0.8879051519545104,-0.18667516182811947,1.1053151763135673,0.0,0.0,0.0,0.0,0.0,1.0,0.0,0.0,0.0,0.0,0.0,1.0,1.0,1.0,3696991.19
-1.487760806452206,-0.17652916165773247,-0.20942460019566014,0.0,0.0,0.0,1.0,0.0,0.0,0.0,0.0,0.0,0.0,1.0,1.0,1.0,0.0,4812322.46
0.2939886623528312,1.4240023652208662,1.165076075245805,0.0,0.0,0.0,0.0,0.0,0.0,1.0,0.0,0.0,0.0,0.0,0.0,0.0,0.0,9645171.4
-1.487760806452206,-0.026875659144519407,-0.687511791653561,1.0,0.0,0.0,0.0,0.0,0.0,0.0,0.0,0.0,0.0,0.0,1.0,0.0,1.0,4618368.28
-1.487760806452206,1.6513650054027271,1.7626850645681809,0.0,0.0,0.0,0.0,1.0,0.0,0.0,0.0,1.0,1.0,0.0,1.0,0.0,1.0,6345628.34
0.2939886623528312,-1.972832373642213,0.9260324795168544,0.0,0.0,0.0,0.0,0.0,0.0,1.0,0.0,0.0,0.0,0.0,1.0,1.0,0.0,1449517.27
-0.2999278272488479,0.011402432407396149,1.463880569906993,0.0,0.0,0.0,0.0,0.0,1.0,0.0,0.0,0.0,0.0,1.0,1.0,0.0,0.0,3111840.16
-0.893844316850527,-0.014654340757462069,1.7029241656359433,0.0,0.0,0.0,1.0,0.0,0.0,0.0,0.0,0.0,0.0,0.0,0.0,0.0,0.0,6276252.76
-0.893844316850527,0.5952586240305934,1.7626850645681809,0.0,0.0,0.0,1.0,0.0,0.0,0.0,0.0,1.0,0.0,0.0,0.0,0.0,0.0,7972008.54
0.8879051519545104,-0.03586870475009019,-0.5082290948568482,0.0,0.0,0.0,1.0,0.0,0.0,0.0,0.0,0.0,0.0,0.0,0.0,0.0,0.0,6991142.81
0.2939886623528312,-0.9706842659035027,0.1491407933977655,0.0,0.0,1.0,0.0,0.0,0.0,0.0,0.0,0.0,0.0,1.0,1.0,1.0,1.0,3112444.08
1.4818216415561896,-0.15347007036139768,0.32842349019447836,0.0,0.0,0.0,0.0,0.0,0.0,0.0,1.0,1.0,0.0,0.0,0.0,0.0,0.0,4187971.37
-0.893844316850527,0.14030275275390788,0.8662715805846168,0.0,0.0,0.0,0.0,0.0,1.0,0.0,0.0,0.0,1.0,1.0,1.0,1.0,0.0,4480702.4
-0.893844316850527,0.7901079454846224,-0.6277508927213235,0.0,0.0,0.0,1.0,0.0,0.0,0.0,0.0,0.0,1.0,1.0,1.0,0.0,1.0,8398568.62
-0.2999278272488479,-0.18137157082996255,1.3443587720425176,1.0,0.0,0.0,0.0,0.0,0.0,0.0,0.0,0.0,0.0,0.0,0.0,0.0,0.0,3048164.41
-0.2999278272488479,0.5380720776156832,-0.030141903398947317,1.0,0.0,0.0,0.0,0.0,0.0,0.0,0.0,0.0,0.0,0.0,0.0,0.0,0.0,4801134.88
0.2939886623528312,-0.598510532380659,-0.32894639806013537,1.0,0.0,0.0,0.0,0.0,0.0,0.0,0.0,1.0,0.0,0.0,1.0,0.0,0.0,3329846.76
-0.893844316850527,-0.4647678028619172,0.6272279848556663,0.0,0.0,0.0,0.0,0.0,0.0,0.0,1.0,1.0,1.0,1.0,0.0,1.0,0.0,4072468.97
-1.487760806452206,-0.7871338991846778,0.6272279848556663,0.0,0.0,1.0,0.0,0.0,0.0,0.0,0.0,0.0,1.0,0.0,0.0,0.0,1.0,3033769.69
-0.893844316850527,0.5851126238602063,0.9260324795168544,1.0,0.0,0.0,0.0,0.0,0.0,0.0,0.0,0.0,0.0,1.0,1.0,0.0,0.0,4060997.59
-0.893844316850527,-1.1092694045944749,-0.5082290948568482,1.0,0.0,0.0,0.0,0.0,0.0,0.0,0.0,1.0,0.0,0.0,0.0,0.0,0.0,2346843.01
0.2939886623528312,-0.16131016140215118,-0.26918549912789774,0.0,0.0,1.0,0.0,0.0,0.0,0.0,0.0,0.0,0.0,0.0,0.0,0.0,0.0,4563884.49
0.8879051519545104,0.7843431726605387,0.5077061869911912,0.0,0.0,0.0,1.0,0.0,0.0,0.0,0.0,1.0,1.0,0.0,1.0,0.0,1.0,8505771.73
1.4818216415561896,-0.968147765860906,-0.687511791653561,0.0,0.0,0.0,1.0,0.0,0.0,0.0,0.0,1.0,0.0,0.0,0.0,0.0,1.0,4384329.65
0.2939886623528312,-0.22103320785965852,-0.030141903398947317,0.0,0.0,0.0,0.0,1.0,0.0,0.0,0.0,0.0,1.0,0.0,1.0,0.0,1.0,3356042.39
-0.2999278272488479,-0.40942598375071365,0.5077061869911912,0.0,0.0,0.0,0.0,1.0,0.0,0.0,0.0,0.0,0.0,0.0,0.0,0.0,0.0,3595731.95
0.8879051519545104,0.4170118483099255,-0.14966370126342254,0.0,0.0,0.0,0.0,1.0,0.0,0.0,0.0,0.0,1.0,0.0,1.0,0.0,1.0,4819164.7
0.8879051519545104,0.011402432407396149,-1.6436861745693627,0.0,0.0,0.0,0.0,0.0,0.0,0.0,1.0,1.0,0.0,0.0,0.0,0.0,1.0,4998375.3
-0.2999278272488479,1.1738112246556336,-0.7472726905857986,0.0,1.0,0.0,0.0,0.0,0.0,0.0,0.0,1.0,0.0,0.0,1.0,1.0,0.0,9374755.47
0.8879051519545104,-1.0264872668406329,-1.46440347777265,0.0,0.0,0.0,0.0,0.0,1.0,0.0,0.0,1.0,1.0,1.0,0.0,0.0,1.0,3381624.49
-0.2999278272488479,-0.2546994811523071,-0.030141903398947317,0.0,0.0,0.0,0.0,0.0,0.0,0.0,1.0,0.0,0.0,1.0,1.0,0.0,0.0,4613535.28
-0.2999278272488479,-0.797971672093955,1.5236414688392306,0.0,0.0,0.0,0.0,0.0,1.0,0.0,0.0,1.0,1.0,0.0,0.0,0.0,1.0,2279052.13
-0.2999278272488479,-0.2595418903245377,1.165076075245805,0.0,0.0,0.0,0.0,0.0,0.0,1.0,0.0,0.0,1.0,0.0,0.0,0.0,0.0,6526093.99
0.2939886623528312,0.011402432407396149,-1.4046425788404124,0.0,0.0,0.0,0.0,0.0,1.0,0.0,0.0,0.0,1.0,0.0,0.0,0.0,1.0,2829198.51
0.2939886623528312,-1.4874385018543654,-0.030141903398947317,0.0,1.0,0.0,0.0,0.0,0.0,0.0,0.0,1.0,0.0,0.0,1.0,0.0,1.0,2970896.11
-1.487760806452206,0.2975657553949113,0.38818438912671593,0.0,0.0,0.0,1.0,0.0,0.0,0.0,0.0,1.0,1.0,0.0,1.0,0.0,0.0,6719307.17
0.8879051519545104,0.6427603521010433,-1.46440347777265,0.0,0.0,0.0,0.0,0.0,1.0,0.0,0.0,0.0,0.0,1.0,1.0,0.0,0.0,4205509.25
0.2939886623528312,0.4156283028321456,-0.8667944884502738,0.0,0.0,0.0,0.0,1.0,0.0,0.0,0.0,0.0,1.0,0.0,1.0,1.0,0.0,6025113.25
-0.2999278272488479,0.9137046748329772,1.1053151763135673,0.0,0.0,0.0,0.0,0.0,1.0,0.0,0.0,0.0,0.0,0.0,0.0,0.0,0.0,4065437.24
1.4818216415561896,-0.38936457432290256,0.26866259126224074,0.0,0.0,0.0,0.0,0.0,1.0,0.0,0.0,0.0,1.0,0.0,0.0,1.0,0.0,3021408.29
-0.893844316850527,-0.3434769826431961,-0.030141903398947317,1.0,0.0,0.0,0.0,0.0,0.0,0.0,0.0,0.0,0.0,0.0,0.0,0.0,1.0,4392206.71
0.8879051519545104,0.3676653929357688,0.9260324795168544,0.0,0.0,0.0,0.0,0.0,0.0,1.0,0.0,1.0,1.0,0.0,1.0,0.0,1.0,9748382.41
-1.487760806452206,-1.3031963623966505,-0.26918549912789774,0.0,1.0,0.0,0.0,0.0,0.0,0.0,0.0,0.0,1.0,0.0,1.0,1.0,1.0,3059763.76
-1.487760806452206,-1.0467792671814076,1.463880569906993,0.0,0.0,0.0,1.0,0.0,0.0,0.0,0.0,1.0,0.0,0.0,1.0,1.0,1.0,3081392.23
-1.487760806452206,-1.6742171413546774,0.5077061869911912,0.0,1.0,0.0,0.0,0.0,0.0,0.0,0.0,1.0,0.0,0.0,0.0,0.0,0.0,2231315.56
-1.487760806452206,-1.4251789553542615,-1.3448816799081746,0.0,0.0,0.0,0.0,0.0,1.0,0.0,0.0,1.0,1.0,0.0,1.0,0.0,1.0,1796186.59
1.4818216415561896,-0.5168813491916339,-1.7034470735016003,0.0,0.0,0.0,0.0,0.0,0.0,0.0,1.0,0.0,0.0,0.0,0.0,1.0,0.0,4108298.8
0.2939886623528312,-0.053624205048267565,1.2248369741780425,0.0,0.0,0.0,0.0,1.0,0.0,0.0,0.0,0.0,1.0,0.0,0.0,0.0,0.0,4559838.88
0.8879051519545104,0.0835773881649245,-0.14966370126342254,0.0,0.0,0.0,0.0,1.0,0.0,0.0,0.0,1.0,1.0,0.0,0.0,1.0,0.0,4858485.2
0.2939886623528312,1.0873396322943782,0.0893798944655279,0.0,0.0,0.0,0.0,0.0,0.0,1.0,0.0,0.0,1.0,1.0,0.0,1.0,1.0,11184383.62
0.8879051519545104,1.1851101793908374,-0.030141903398947317,0.0,0.0,0.0,0.0,0.0,0.0,0.0,1.0,0.0,0.0,0.0,0.0,0.0,0.0,6497114.26
0.2939886623528312,-1.6569228228824262,-0.8667944884502738,0.0,0.0,0.0,0.0,1.0,0.0,0.0,0.0,0.0,0.0,0.0,0.0,0.0,0.0,2055242.75
1.4818216415561896,-1.8252541893456704,-1.6436861745693627,1.0,0.0,0.0,0.0,0.0,0.0,0.0,0.0,0.0,0.0,0.0,0.0,0.0,0.0,1136557.77
-0.893844316850527,-1.0223366304072927,0.9857933784490921,0.0,1.0,0.0,0.0,0.0,0.0,0.0,0.0,0.0,0.0,0.0,1.0,1.0,1.0,4357090.35
-0.2999278272488479,-0.06353961430569195,1.463880569906993,1.0,0.0,0.0,0.0,0.0,0.0,0.0,0.0,0.0,0.0,1.0,0.0,0.0,0.0,4047174.22
0.2939886623528312,-1.6006586401193694,1.3443587720425176,0.0,0.0,0.0,0.0,0.0,1.0,0.0,0.0,0.0,1.0,1.0,1.0,0.0,0.0,952707.14
1.4818216415561896,-0.5897480776880519,-1.165598983111462,0.0,0.0,1.0,0.0,0.0,0.0,0.0,0.0,0.0,0.0,0.0,0.0,0.0,0.0,3946032.06
-0.2999278272488479,1.8784970546716249,0.0893798944655279,0.0,1.0,0.0,0.0,0.0,0.0,0.0,0.0,1.0,0.0,1.0,0.0,1.0,0.0,10276346.27
0.8879051519545104,0.64598862488253,-1.5241643767048876,0.0,0.0,0.0,0.0,1.0,0.0,0.0,0.0,0.0,0.0,0.0,1.0,1.0,0.0,5243620.45
-0.2999278272488479,0.6125529425028444,0.8065106816523792,1.0,0.0,0.0,0.0,0.0,0.0,0.0,0.0,0.0,1.0,1.0,0.0,0.0,0.0,4326167.68
-1.487760806452206,-0.38014093780436864,1.3443587720425176,0.0,1.0,0.0,0.0,0.0,0.0,0.0,0.0,0.0,0.0,1.0,1.0,1.0,1.0,4938172.98
-0.2999278272488479,-0.8067341267865624,-0.9265553873825114,0.0,0.0,0.0,0.0,1.0,0.0,0.0,0.0,1.0,0.0,1.0,1.0,0.0,1.0,3384208.1
-0.2999278272488479,-0.9524675837793982,-0.5082290948568482,1.0,0.0,0.0,0.0,0.0,0.0,0.0,0.0,0.0,1.0,0.0,1.0,0.0,0.0,2202059.49
-0.893844316850527,1.8937160549272063,-0.5679899937890858,0.0,0.0,0.0,0.0,0.0,0.0,1.0,0.0,0.0,0.0,0.0,0.0,0.0,0.0,10992014.99
1.4818216415561896,0.9314601751311546,0.8065106816523792,0.0,1.0,0.0,0.0,0.0,0.0,0.0,0.0,0.0,0.0,0.0,0.0,0.0,0.0,7000565.0
-0.2999278272488479,2.4056278817058385,-1.0460771852469868,0.0,0.0,0.0,0.0,0.0,1.0,0.0,0.0,0.0,0.0,1.0,0.0,1.0,0.0,7431737.7
0.2939886623528312,-0.6432451694955484,-1.5839252756371252,0.0,0.0,0.0,0.0,0.0,0.0,0.0,1.0,1.0,1.0,1.0,1.0,0.0,0.0,3358800.66
-0.893844316850527,0.10663647946125929,-1.285120780975937,0.0,0.0,1.0,0.0,0.0,0.0,0.0,0.0,0.0,1.0,0.0,1.0,0.0,0.0,4566669.32
-0.2999278272488479,0.1322320708001907,-0.687511791653561,0.0,0.0,0.0,0.0,0.0,0.0,0.0,1.0,0.0,0.0,0.0,0.0,0.0,0.0,7352219.23
-0.893844316850527,-0.4170354838785043,-0.14966370126342254,1.0,0.0,0.0,0.0,0.0,0.0,0.0,0.0,1.0,1.0,0.0,0.0,1.0,0.0,3315279.4
0.2939886623528312,-0.14240170653915654,-0.030141903398947317,0.0,0.0,0.0,0.0,0.0,0.0,0.0,1.0,0.0,0.0,0.0,0.0,0.0,1.0,4523635.09
-0.893844316850527,0.006560023235166051,0.2089016923300031,1.0,0.0,0.0,0.0,0.0,0.0,0.0,0.0,0.0,0.0,0.0,0.0,0.0,0.0,4260612.21
1.4818216415561896,1.1175470418925766,-0.14966370126342254,0.0,0.0,1.0,0.0,0.0,0.0,0.0,0.0,0.0,0.0,0.0,0.0,0.0,0.0,5602750.29
0.8879051519545104,2.9738038912475284,0.8662715805846168,0.0,0.0,0.0,0.0,0.0,1.0,0.0,0.0,0.0,1.0,0.0,1.0,1.0,1.0,9623515.31
-0.2999278272488479,-0.15162534305769046,1.5834023677714681,1.0,0.0,0.0,0.0,0.0,0.0,0.0,0.0,0.0,1.0,0.0,0.0,0.0,0.0,3945834.79
0.2939886623528312,-0.6946669430863752,0.686988883787904,0.0,0.0,0.0,0.0,1.0,0.0,0.0,0.0,0.0,1.0,1.0,0.0,0.0,0.0,3180917.74
-0.2999278272488479,0.810399945825397,-0.32894639806013537,0.0,0.0,0.0,0.0,1.0,0.0,0.0,0.0,0.0,1.0,0.0,1.0,0.0,0.0,6921538.77
-0.2999278272488479,-0.5012011671101263,1.6431632667037057,0.0,0.0,1.0,0.0,0.0,0.0,0.0,0.0,0.0,0.0,0.0,0.0,0.0,1.0,2769013.72
-0.2999278272488479,-1.4159553188357277,-1.7034470735016003,0.0,0.0,0.0,0.0,1.0,0.0,0.0,0.0,0.0,0.0,1.0,0.0,0.0,0.0,2212517.9
1.4818216415561896,2.5967877485524546,-0.20942460019566014,0.0,0.0,0.0,0.0,0.0,0.0,1.0,0.0,0.0,1.0,1.0,0.0,1.0,1.0,19053062.83
-0.2999278272488479,0.21916484498737301,0.6272279848556663,0.0,0.0,0.0,0.0,0.0,0.0,0.0,1.0,0.0,0.0,1.0,0.0,0.0,0.0,4048394.63
1.4818216415561896,-1.010115312020235,-0.030141903398947317,1.0,0.0,0.0,0.0,0.0,0.0,0.0,0.0,0.0,1.0,0.0,1.0,0.0,0.0,2180799.67
0.8879051519545104,-1.5794442761267413,0.686988883787904,0.0,0.0,0.0,0.0,0.0,0.0,0.0,1.0,0.0,0.0,0.0,0.0,0.0,0.0,2166991.52
0.2939886623528312,0.011402432407396149,-0.5082290948568482,0.0,0.0,0.0,0.0,0.0,0.0,0.0,1.0,1.0,0.0,0.0,0.0,0.0,1.0,5963200.98
0.8879051519545104,-0.5032764853267964,-1.7034470735016003,0.0,0.0,0.0,1.0,0.0,0.0,0.0,0.0,0.0,0.0,0.0,0.0,0.0,0.0,5307381.61
0.8879051519545104,0.379656120409863,-0.030141903398947317,1.0,0.0,0.0,0.0,0.0,0.0,0.0,0.0,0.0,0.0,0.0,0.0,0.0,0.0,4785893.33
-0.893844316850527,0.3480651653338842,-1.2253598820436995,0.0,0.0,0.0,1.0,0.0,0.0,0.0,0.0,0.0,0.0,0.0,0.0,0.0,0.0,5698836.2
-0.2999278272488479,0.7329213990697122,0.7467497827201416,0.0,0.0,0.0,0.0,0.0,1.0,0.0,0.0,1.0,1.0,1.0,0.0,0.0,1.0,5710664.25
1.4818216415561896,-0.08544575103721001,0.5077061869911912,0.0,0.0,1.0,0.0,0.0,0.0,0.0,0.0,0.0,0.0,1.0,1.0,1.0,0.0,3456298.02
-1.487760806452206,0.6655888524844145,-1.46440347777265,0.0,0.0,0.0,0.0,0.0,0.0,1.0,0.0,0.0,0.0,0.0,1.0,0.0,0.0,10781816.34
-0.2999278272488479,-1.0606147219592084,0.26866259126224074,0.0,1.0,0.0,0.0,0.0,0.0,0.0,0.0,0.0,0.0,1.0,0.0,1.0,0.0,4061914.79
0.8879051519545104,-0.7832138536643009,1.463880569906993,0.0,0.0,0.0,0.0,0.0,0.0,0.0,1.0,0.0,1.0,1.0,1.0,0.0,0.0,2573520.83
0.2939886623528312,-2.0664522843053326,-0.388707296992373,1.0,0.0,0.0,0.0,0.0,0.0,0.0,0.0,0.0,0.0,0.0,0.0,1.0,0.0,1142734.89
-0.893844316850527,-0.2517017992837837,0.5674670859234288,0.0,0.0,1.0,0.0,0.0,0.0,0.0,0.0,1.0,0.0,0.0,1.0,1.0,1.0,3594648.94
-0.2999278272488479,1.4532874111672116,1.3443587720425176,0.0,0.0,0.0,0.0,0.0,0.0,0.0,1.0,1.0,0.0,0.0,0.0,0.0,0.0,7920561.46
0.2939886623528312,-0.5496252588324294,0.9260324795168544,0.0,1.0,0.0,0.0,0.0,0.0,0.0,0.0,0.0,0.0,1.0,1.0,1.0,1.0,4293052.15
0.8879051519545104,0.07896556990565753,0.7467497827201416,0.0,0.0,0.0,0.0,1.0,0.0,0.0,0.0,0.0,0.0,0.0,0.0,0.0,0.0,3820155.28
0.2939886623528312,0.8346119916865484,0.02961899553329029,0.0,0.0,0.0,0.0,0.0,0.0,0.0,1.0,1.0,0.0,0.0,0.0,0.0,0.0,7789243.04
0.8879051519545104,-0.056852477829754645,-0.26918549912789774,0.0,0.0,1.0,0.0,0.0,0.0,0.0,0.0,0.0,0.0,0.0,1.0,1.0,0.0,3784160.73
-0.2999278272488479,-0.2526241629356373,-0.14966370126342254,0.0,0.0,0.0,0.0,0.0,0.0,0.0,1.0,0.0,0.0,0.0,0.0,1.0,0.0,4145477.62
0.8879051519545104,-1.4374002737413192,-0.687511791653561,0.0,0.0,0.0,0.0,0.0,0.0,1.0,0.0,0.0,0.0,0.0,0.0,0.0,0.0,3392770.35
1.4818216415561896,0.17696670791508043,-1.165598983111462,0.0,0.0,0.0,0.0,0.0,1.0,0.0,0.0,0.0,0.0,0.0,0.0,0.0,0.0,3301048.52
1.4818216415561896,0.5703548054305518,-1.46440347777265,0.0,0.0,0.0,0.0,0.0,0.0,1.0,0.0,0.0,0.0,0.0,0.0,0.0,0.0,8769785.2
0.2939886623528312,0.41401416644140204,-1.46440347777265,0.0,1.0,0.0,0.0,0.0,0.0,0.0,0.0,0.0,0.0,0.0,1.0,1.0,1.0,9196009.92
0.2939886623528312,-0.7550817622827722,-0.9863162863147491,0.0,0.0,0.0,0.0,0.0,1.0,0.0,0.0,0.0,0.0,1.0,0.0,1.0,0.0,4035808.0
1.4818216415561896,-2.0664522843053326,-1.5839252756371252,1.0,0.0,0.0,0.0,0.0,0.0,0.0,0.0,0.0,0.0,1.0,1.0,0.0,1.0,898906.39
0.2939886623528312,0.26136298205966557,0.7467497827201416,0.0,0.0,0.0,0.0,0.0,1.0,0.0,0.0,1.0,0.0,0.0,0.0,0.0,0.0,3807695.76
0.2939886623528312,0.03653684192040129,0.44794528805895356,0.0,0.0,0.0,0.0,1.0,0.0,0.0,0.0,0.0,1.0,1.0,0.0,1.0,1.0,5757450.08
0.2939886623528312,-0.2722243905375219,-0.030141903398947317,0.0,0.0,0.0,0.0,0.0,0.0,0.0,1.0,0.0,1.0,1.0,0.0,0.0,0.0,5550125.29
1.4818216415561896,-0.41841902935628417,0.9857933784490921,0.0,0.0,0.0,0.0,0.0,0.0,1.0,0.0,0.0,0.0,1.0,1.0,1.0,1.0,5472719.05
0.2939886623528312,-0.24432289006895647,0.5077061869911912,0.0,1.0,0.0,0.0,0.0,0.0,0.0,0.0,0.0,0.0,0.0,1.0,0.0,0.0,3636639.15
0.2939886623528312,-0.31488370943574123,0.8662715805846168,0.0,0.0,0.0,0.0,1.0,0.0,0.0,0.0,0.0,0.0,1.0,1.0,0.0,0.0,4584780.69
0.2939886623528312,-0.47445262120637793,0.5674670859234288,0.0,0.0,0.0,0.0,0.0,1.0,0.0,0.0,0.0,0.0,0.0,0.0,0.0,0.0,4772947.03
0.8879051519545104,1.301327999524365,-1.285120780975937,0.0,0.0,0.0,1.0,0.0,0.0,0.0,0.0,1.0,1.0,0.0,1.0,0.0,1.0,8407875.18
-0.893844316850527,-0.7161118979919665,1.7029241656359433,0.0,0.0,1.0,0.0,0.0,0.0,0.0,0.0,0.0,0.0,0.0,0.0,1.0,0.0,2230833.38
0.2939886623528312,1.3811124554096832,0.7467497827201416,1.0,0.0,0.0,0.0,0.0,0.0,0.0,0.0,0.0,0.0,0.0,0.0,0.0,0.0,6963133.2
0.2939886623528312,-0.42741207496185496,1.6431632667037057,0.0,0.0,0.0,1.0,0.0,0.0,0.0,0.0,1.0,0.0,1.0,1.0,1.0,0.0,5727018.98
-0.893844316850527,-0.5447828496601991,0.0893798944655279,0.0,0.0,0.0,0.0,0.0,1.0,0.0,0.0,0.0,0.0,1.0,0.0,0.0,0.0,2835591.67
0.2939886623528312,0.9125517202681606,-0.14966370126342254,0.0,0.0,0.0,0.0,1.0,0.0,0.0,0.0,1.0,0.0,0.0,1.0,1.0,0.0,6597407.14
-0.893844316850527,1.0273859949239077,-1.3448816799081746,0.0,0.0,0.0,0.0,0.0,1.0,0.0,0.0,0.0,0.0,0.0,0.0,0.0,0.0,4927262.56
0.8879051519545104,-0.2752220724060453,-1.0460771852469868,0.0,0.0,0.0,1.0,0.0,0.0,0.0,0.0,0.0,1.0,0.0,0.0,0.0,0.0,5381100.69
-1.487760806452206,-0.8277178998662269,-0.030141903398947317,0.0,1.0,0.0,0.0,0.0,0.0,0.0,0.0,0.0,1.0,0.0,0.0,0.0,0.0,3994885.12
-1.487760806452206,0.24914166367260823,1.8224459635004187,0.0,1.0,0.0,0.0,0.0,0.0,0.0,0.0,0.0,0.0,0.0,0.0,0.0,0.0,7927084.8
0.2939886623528312,0.05313938765376245,-0.9863162863147491,0.0,0.0,0.0,1.0,0.0,0.0,0.0,0.0,0.0,1.0,1.0,0.0,0.0,0.0,6742794.84
1.4818216415561896,0.011402432407396149,0.32842349019447836,0.0,1.0,0.0,0.0,0.0,0.0,0.0,0.0,0.0,0.0,0.0,0.0,1.0,1.0,3412182.26
-0.893844316850527,-0.44101693882669246,-0.5679899937890858,0.0,0.0,0.0,0.0,1.0,0.0,0.0,0.0,0.0,1.0,0.0,0.0,0.0,0.0,3803665.22
-0.893844316850527,-1.4510051376061566,-1.3448816799081746,0.0,0.0,0.0,0.0,1.0,0.0,0.0,0.0,0.0,0.0,0.0,0.0,0.0,0.0,2286040.36
-0.893844316850527,-0.1124248878539213,-1.5241643767048876,0.0,0.0,0.0,0.0,0.0,1.0,0.0,0.0,1.0,0.0,0.0,1.0,1.0,1.0,3153494.36
1.4818216415561896,-0.7479334439809087,1.2248369741780425,0.0,0.0,0.0,1.0,0.0,0.0,0.0,0.0,0.0,0.0,0.0,0.0,0.0,0.0,4148654.81
1.4818216415561896,0.534613213921233,0.6272279848556663,0.0,0.0,1.0,0.0,0.0,0.0,0.0,0.0,0.0,0.0,0.0,0.0,0.0,0.0,5110188.75
-0.893844316850527,-0.16015720683733445,-1.285120780975937,1.0,0.0,0.0,0.0,0.0,0.0,0.0,0.0,0.0,0.0,0.0,0.0,0.0,1.0,4180441.25
-1.487760806452206,0.6482945340121634,1.8224459635004187,0.0,0.0,1.0,0.0,0.0,0.0,0.0,0.0,1.0,1.0,0.0,0.0,0.0,0.0,5761557.66
-0.893844316850527,2.7104690686433845,-0.030141903398947317,1.0,0.0,0.0,0.0,0.0,0.0,0.0,0.0,0.0,1.0,1.0,1.0,0.0,1.0,10023044.67
0.8879051519545104,1.4839560025913368,1.463880569906993,0.0,0.0,1.0,0.0,0.0,0.0,0.0,0.0,0.0,1.0,1.0,0.0,1.0,0.0,6455037.62
-0.893844316850527,0.3450674834653608,0.2089016923300031,0.0,0.0,0.0,1.0,0.0,0.0,0.0,0.0,1.0,1.0,0.0,0.0,0.0,0.0,7350987.88
0.8879051519545104,0.1317708889742639,-0.9265553873825114,0.0,1.0,0.0,0.0,0.0,0.0,0.0,0.0,0.0,1.0,0.0,1.0,1.0,1.0,6037328.13
-0.893844316850527,-0.9273331742663933,0.8662715805846168,0.0,1.0,0.0,0.0,0.0,0.0,0.0,0.0,0.0,0.0,0.0,0.0,1.0,0.0,3511143.58
-1.487760806452206,0.3095564828690055,0.26866259126224074,0.0,0.0,0.0,1.0,0.0,0.0,0.0,0.0,0.0,1.0,0.0,0.0,1.0,1.0,9208564.84
1.4818216415561896,0.32984848320978005,1.4041196709747552,0.0,0.0,0.0,0.0,0.0,1.0,0.0,0.0,0.0,0.0,0.0,0.0,0.0,0.0,2979997.27
0.2939886623528312,2.8804145714973726,-0.030141903398947317,0.0,0.0,0.0,1.0,0.0,0.0,0.0,0.0,0.0,0.0,0.0,1.0,0.0,1.0,17822717.07
-0.2999278272488479,-1.3523122268578436,-0.030141903398947317,0.0,0.0,0.0,1.0,0.0,0.0,0.0,0.0,0.0,0.0,0.0,0.0,0.0,0.0,2446427.03
0.2939886623528312,0.011402432407396149,-0.5679899937890858,0.0,0.0,0.0,0.0,0.0,0.0,1.0,0.0,0.0,0.0,1.0,1.0,1.0,0.0,16894699.47
0.8879051519545104,0.4896479858933801,-0.030141903398947317,0.0,0.0,0.0,0.0,0.0,1.0,0.0,0.0,1.0,0.0,0.0,0.0,0.0,1.0,5257895.62
0.2939886623528312,-2.0664522843053326,0.26866259126224074,0.0,0.0,1.0,0.0,0.0,0.0,0.0,0.0,1.0,1.0,0.0,1.0,1.0,0.0,955113.89
0.2939886623528312,0.17696670791508043,-1.0460771852469868,0.0,0.0,0.0,0.0,0.0,0.0,0.0,1.0,1.0,0.0,1.0,0.0,0.0,0.0,3944841.59
0.8879051519545104,1.9937925111532995,0.5674670859234288,0.0,0.0,1.0,0.0,0.0,0.0,0.0,0.0,0.0,1.0,0.0,0.0,0.0,0.0,9481895.45
0.8879051519545104,0.5044058043230346,0.02961899553329029,0.0,0.0,0.0,0.0,0.0,0.0,0.0,1.0,0.0,1.0,0.0,1.0,0.0,1.0,5316380.15
-0.893844316850527,1.442680229170897,1.165076075245805,1.0,0.0,0.0,0.0,0.0,0.0,0.0,0.0,0.0,0.0,0.0,0.0,0.0,0.0,5510924.92
0.2939886623528312,0.008174159625909592,-0.030141903398947317,0.0,0.0,0.0,1.0,0.0,0.0,0.0,0.0,1.0,1.0,0.0,0.0,0.0,0.0,6147325.69
0.2939886623528312,0.011402432407396149,-0.9863162863147491,0.0,0.0,1.0,0.0,0.0,0.0,0.0,0.0,0.0,1.0,0.0,0.0,0.0,0.0,5360285.13
-0.2999278272488479,0.09049511555382493,0.26866259126224074,0.0,0.0,0.0,0.0,0.0,0.0,0.0,1.0,0.0,0.0,0.0,0.0,1.0,1.0,4439753.15
0.8879051519545104,-1.4189530007042512,-0.9863162863147491,0.0,0.0,0.0,0.0,1.0,0.0,0.0,0.0,0.0,0.0,0.0,0.0,0.0,0.0,1536238.52
1.4818216415561896,0.04668284209078881,0.5077061869911912,0.0,0.0,0.0,1.0,0.0,0.0,0.0,0.0,0.0,1.0,0.0,0.0,1.0,0.0,8011189.27
-0.893844316850527,0.05475352404450599,0.1491407933977655,0.0,0.0,0.0,0.0,0.0,0.0,1.0,0.0,0.0,1.0,0.0,1.0,0.0,0.0,7851122.1
-1.487760806452206,2.3027843345241856,-1.7034470735016003,0.0,0.0,1.0,0.0,0.0,0.0,0.0,0.0,0.0,0.0,1.0,0.0,0.0,0.0,7518745.2
-0.893844316850527,-0.575912622910251,0.7467497827201416,0.0,0.0,0.0,0.0,0.0,1.0,0.0,0.0,0.0,0.0,0.0,1.0,1.0,0.0,2772941.47
-0.2999278272488479,-0.9494699019108748,-0.388707296992373,0.0,0.0,0.0,0.0,0.0,1.0,0.0,0.0,0.0,0.0,0.0,0.0,0.0,0.0,2013281.96
0.8879051519545104,0.8800384015403281,0.44794528805895356,0.0,0.0,0.0,1.0,0.0,0.0,0.0,0.0,0.0,1.0,1.0,1.0,1.0,0.0,8188835.13
-0.2999278272488479,0.5383026685286463,-0.388707296992373,0.0,1.0,0.0,0.0,0.0,0.0,0.0,0.0,0.0,0.0,0.0,0.0,0.0,0.0,6467316.03
-0.2999278272488479,0.6494474885769801,-1.0460771852469868,0.0,0.0,0.0,0.0,1.0,0.0,0.0,0.0,0.0,1.0,1.0,0.0,0.0,1.0,5970918.53
0.2939886623528312,-1.0493157672240043,-0.8070335895180363,0.0,0.0,0.0,1.0,0.0,0.0,0.0,0.0,1.0,1.0,0.0,0.0,0.0,0.0,5894402.99
-0.2999278272488479,-0.3912093016266092,0.1491407933977655,0.0,0.0,0.0,0.0,0.0,0.0,0.0,1.0,1.0,1.0,0.0,0.0,0.0,1.0,4192800.57
0.2939886623528312,-0.04832061405011066,-0.030141903398947317,0.0,0.0,0.0,0.0,0.0,0.0,1.0,0.0,0.0,0.0,0.0,0.0,0.0,0.0,7370266.29
-0.893844316850527,0.010249477842579409,1.6431632667037057,1.0,0.0,0.0,0.0,0.0,0.0,0.0,0.0,0.0,0.0,0.0,0.0,0.0,0.0,3327648.81
-1.487760806452206,-0.16107957048918803,-0.26918549912789774,1.0,0.0,0.0,0.0,0.0,0.0,0.0,0.0,0.0,1.0,1.0,0.0,0.0,1.0,3905690.92
-0.893844316850527,-1.2653794526706614,-0.030141903398947317,0.0,0.0,0.0,0.0,0.0,1.0,0.0,0.0,0.0,0.0,0.0,0.0,0.0,0.0,1965696.83
-1.487760806452206,0.2413015726318542,-0.9863162863147491,0.0,0.0,0.0,0.0,0.0,1.0,0.0,0.0,1.0,0.0,0.0,0.0,0.0,1.0,4318966.31
0.2939886623528312,-0.4481652571285563,0.1491407933977655,1.0,0.0,0.0,0.0,0.0,0.0,0.0,0.0,0.0,0.0,0.0,0.0,0.0,0.0,4044424.24
1.4818216415561896,-0.47306907572859774,1.28459787311028,0.0,0.0,0.0,0.0,0.0,0.0,0.0,1.0,0.0,1.0,0.0,1.0,0.0,1.0,3566216.17
1.4818216415561896,-1.5031186839358734,-0.08990280233118493,0.0,0.0,0.0,1.0,0.0,0.0,0.0,0.0,0.0,1.0,0.0,0.0,0.0,0.0,2989029.29
1.4818216415561896,-1.1563099508389978,-1.2253598820436995,0.0,1.0,0.0,0.0,0.0,0.0,0.0,0.0,1.0,0.0,0.0,0.0,0.0,0.0,3374564.93
0.2939886623528312,0.3831149841043132,-1.1058380841792244,0.0,0.0,0.0,1.0,0.0,0.0,0.0,0.0,1.0,0.0,1.0,1.0,1.0,0.0,7857715.5
0.2939886623528312,-0.10343184224835104,-0.030141903398947317,1.0,0.0,0.0,0.0,0.0,0.0,0.0,0.0,0.0,0.0,0.0,0.0,0.0,0.0,3902667.32
-0.893844316850527,0.6778101708714719,-0.32894639806013537,0.0,0.0,0.0,1.0,0.0,0.0,0.0,0.0,1.0,0.0,0.0,0.0,0.0,0.0,8781592.28
-0.893844316850527,-1.0419368580091775,0.0893798944655279,1.0,0.0,0.0,0.0,0.0,0.0,0.0,0.0,0.0,0.0,0.0,0.0,0.0,0.0,1691048.21
-0.893844316850527,1.3836489554522804,-1.285120780975937,0.0,0.0,0.0,0.0,0.0,0.0,0.0,1.0,0.0,0.0,0.0,1.0,1.0,0.0,6568157.33
-0.2999278272488479,-0.3051988910912805,1.7626850645681809,0.0,1.0,0.0,0.0,0.0,0.0,0.0,0.0,0.0,1.0,1.0,0.0,0.0,0.0,5536210.12
-0.893844316850527,0.392108029709884,0.7467497827201416,0.0,1.0,0.0,0.0,0.0,0.0,0.0,0.0,0.0,0.0,0.0,0.0,0.0,0.0,6581795.37
-1.487760806452206,0.8643582194588205,-0.5082290948568482,0.0,0.0,0.0,0.0,0.0,0.0,0.0,1.0,0.0,0.0,0.0,1.0,0.0,1.0,7721493.55
-0.2999278272488479,0.7679712178401412,-0.9863162863147491,0.0,0.0,0.0,0.0,0.0,1.0,0.0,0.0,0.0,1.0,0.0,1.0,0.0,0.0,5758221.01
-0.2999278272488479,-0.5420157587046388,0.26866259126224074,0.0,1.0,0.0,0.0,0.0,0.0,0.0,0.0,0.0,0.0,0.0,0.0,0.0,0.0,3923960.16
0.2939886623528312,-1.9850536920292707,1.8224459635004187,1.0,0.0,0.0,0.0,0.0,0.0,0.0,0.0,0.0,1.0,0.0,1.0,0.0,0.0,752222.59
-1.487760806452206,-1.92371650918102,1.165076075245805,0.0,0.0,0.0,0.0,1.0,0.0,0.0,0.0,1.0,0.0,1.0,1.0,0.0,1.0,1120332.06
-1.487760806452206,-1.3315590446911423,-1.0460771852469868,0.0,0.0,0.0,1.0,0.0,0.0,0.0,0.0,0.0,0.0,1.0,1.0,0.0,1.0,2788525.21
0.8879051519545104,-1.3352484992985558,-0.030141903398947317,0.0,0.0,0.0,1.0,0.0,0.0,0.0,0.0,0.0,0.0,0.0,0.0,0.0,0.0,4022510.01
0.2939886623528312,-0.8897468554533677,0.9857933784490921,0.0,0.0,0.0,0.0,1.0,0.0,0.0,0.0,0.0,0.0,1.0,0.0,0.0,0.0,3783327.22
0.2939886623528312,0.23438384524295375,-1.6436861745693627,0.0,1.0,0.0,0.0,0.0,0.0,0.0,0.0,1.0,0.0,1.0,1.0,0.0,0.0,10861753.11
0.2939886623528312,-1.2155718154705784,-1.7034470735016003,0.0,0.0,0.0,1.0,0.0,0.0,0.0,0.0,1.0,0.0,1.0,1.0,0.0,1.0,4377671.24
-0.2999278272488479,-1.4111129096634973,1.3443587720425176,0.0,0.0,1.0,0.0,0.0,0.0,0.0,0.0,0.0,1.0,0.0,0.0,0.0,1.0,1962039.35
-0.2999278272488479,-0.3088883456986939,-1.4046425788404124,1.0,0.0,0.0,0.0,0.0,0.0,0.0,0.0,1.0,1.0,0.0,0.0,0.0,1.0,3425311.75
0.2939886623528312,1.3439873184225843,1.7029241656359433,0.0,0.0,0.0,0.0,0.0,0.0,0.0,1.0,1.0,1.0,0.0,0.0,1.0,1.0,5616114.73
0.2939886623528312,0.5221613046212119,1.6431632667037057,0.0,0.0,0.0,0.0,1.0,0.0,0.0,0.0,0.0,0.0,1.0,0.0,0.0,0.0,4249264.15
-0.2999278272488479,-0.012579022540791728,-1.6436861745693627,0.0,0.0,0.0,0.0,1.0,0.0,0.0,0.0,0.0,1.0,0.0,1.0,1.0,0.0,4922259.56
-0.893844316850527,1.5427566853969905,-0.14966370126342254,1.0,0.0,0.0,0.0,0.0,0.0,0.0,0.0,0.0,1.0,1.0,1.0,1.0,0.0,5548663.71
-0.893844316850527,0.21132475394661895,1.4041196709747552,0.0,0.0,0.0,0.0,1.0,0.0,0.0,0.0,0.0,1.0,1.0,0.0,1.0,1.0,5108086.79
0.2939886623528312,0.507403486191558,0.6272279848556663,0.0,0.0,0.0,0.0,0.0,0.0,0.0,1.0,0.0,1.0,0.0,1.0,0.0,0.0,6090982.53
-0.893844316850527,-1.4203365461820312,0.44794528805895356,0.0,0.0,0.0,1.0,0.0,0.0,0.0,0.0,0.0,1.0,1.0,0.0,1.0,0.0,2606159.34
-0.893844316850527,0.011402432407396149,0.02961899553329029,0.0,0.0,0.0,0.0,1.0,0.0,0.0,0.0,0.0,0.0,0.0,1.0,0.0,0.0,4785314.64
0.2939886623528312,-0.6773726246141242,0.2089016923300031,0.0,0.0,0.0,0.0,0.0,0.0,0.0,1.0,0.0,0.0,0.0,0.0,1.0,0.0,3107435.78
-0.893844316850527,-0.2966670273116366,0.9857933784490921,0.0,0.0,0.0,0.0,0.0,0.0,0.0,1.0,1.0,0.0,0.0,1.0,0.0,1.0,4344163.75
-1.487760806452206,-1.6882831870454416,-0.5082290948568482,0.0,0.0,1.0,0.0,0.0,0.0,0.0,0.0,0.0,0.0,1.0,1.0,0.0,1.0,2177158.76
0.8879051519545104,0.6868032164770426,-1.5839252756371252,0.0,1.0,0.0,0.0,0.0,0.0,0.0,0.0,0.0,0.0,0.0,0.0,0.0,0.0,7616532.65
-0.893844316850527,-0.922490765094163,-0.14966370126342254,0.0,0.0,0.0,0.0,0.0,1.0,0.0,0.0,0.0,1.0,0.0,1.0,1.0,1.0,3433269.79
0.8879051519545104,1.8529014633326935,0.2089016923300031,0.0,0.0,1.0,0.0,0.0,0.0,0.0,0.0,0.0,0.0,1.0,0.0,0.0,0.0,7496409.64
0.2939886623528312,-1.0619982674369886,-0.030141903398947317,1.0,0.0,0.0,0.0,0.0,0.0,0.0,0.0,0.0,0.0,0.0,1.0,1.0,1.0,2909367.82
-1.487760806452206,0.2920315734837908,-0.26918549912789774,0.0,0.0,0.0,0.0,0.0,1.0,0.0,0.0,0.0,0.0,0.0,1.0,0.0,1.0,4661460.29
-0.2999278272488479,0.011402432407396149,-0.030141903398947317,0.0,0.0,0.0,0.0,1.0,0.0,0.0,0.0,1.0,0.0,1.0,1.0,0.0,1.0,2897836.69
1.4818216415561896,-0.8055811722217456,1.8224459635004187,0.0,1.0,0.0,0.0,0.0,0.0,0.0,0.0,0.0,0.0,0.0,0.0,0.0,1.0,4220221.95
1.4818216415561896,1.6264611868026857,-1.4046425788404124,0.0,0.0,0.0,0.0,0.0,1.0,0.0,0.0,0.0,1.0,0.0,0.0,0.0,0.0,6233270.62
0.2939886623528312,0.011402432407396149,-1.5241643767048876,0.0,0.0,0.0,0.0,1.0,0.0,0.0,0.0,1.0,0.0,0.0,1.0,1.0,1.0,5981570.11
1.4818216415561896,0.8583628557217737,-0.6277508927213235,1.0,0.0,0.0,0.0,0.0,0.0,0.0,0.0,0.0,0.0,0.0,0.0,0.0,0.0,3756076.28
